,total_h2_sold_per_station,prioritize,profitability threshold,longitude,latitude,station_location,size_station,cumulative_demand,property,nearby_total_station,new_h2_demand,new_profitability_threshold,new_profitability,exact_position,construction_year
0,976.78628886874,1.0,0.97678628886874,0.1601671345671602,46.2114804408092,road,small,0.007983953800218695,ours,1.0,976.78628886874,0.9767862888687401,profitable,0.160167134567160246.2114804408092,2024
1,976.78628886874,1.0,0.97678628886874,-0.2734496792394273,45.24043326446728,road,small,0.01596790760043739,ours,1.0,976.78628886874,0.9767862888687401,profitable,-0.273449679239427345.24043326446728,2024
2,917.8053469550974,1.0,0.9178053469550974,2.1194176536925013,47.20800802246639,road,small,0.023469769134724226,ours,1.0,917.8053469550974,0.9178053469550974,profitable,2.119417653692501347.20800802246639,2024
3,917.8053469550974,1.0,0.9178053469550974,3.160583961957347,45.8433306210893,road,small,0.03097163066901106,ours,1.0,917.8053469550974,0.9178053469550974,profitable,3.16058396195734745.8433306210893,2024
4,0.0,na,na,2.12815,49.409445,na,na,0.03097163066901106,total,na,na,na,na,2.1281549.409445,2024
5,0.0,na,na,2.1488045,48.6371317,na,na,0.03097163066901106,total,na,na,na,na,2.148804548.6371317,2025
6,0.0,na,na,3.2713774,49.8486264,na,na,0.03097163066901106,total,na,na,na,na,3.271377449.8486264,2025
7,0.0,na,na,0.6275373,49.3722338,na,na,0.03097163066901106,total,na,na,na,na,0.627537349.3722338,2025
8,0.0,na,na,2.4703296,49.0155943,na,na,0.03097163066901106,total,na,na,na,na,2.470329649.0155943,2025
9,0.0,na,na,-1.0907038,46.070484,na,na,0.03097163066901106,total,na,na,na,na,-1.090703846.070484,2025
10,0.0,na,na,4.4006478,43.8504639,na,na,0.03097163066901106,total,na,na,na,na,4.400647843.8504639,2026
11,0.0,na,na,2.6332823,48.6105416,na,na,0.03097163066901106,total,na,na,na,na,2.633282348.6105416,2026
12,0.0,na,na,4.8354827,46.9625676,na,na,0.03097163066901106,total,na,na,na,na,4.835482746.9625676,2026
13,0.0,na,na,3.6991168,45.1248871,na,na,0.03097163066901106,total,na,na,na,na,3.699116845.1248871,2026
14,0.0,na,na,3.2031833,50.1760599,na,na,0.03097163066901106,total,na,na,na,na,3.203183350.1760599,2026
15,0.0,na,na,6.1652066,49.2976215,na,na,0.03097163066901106,total,na,na,na,na,6.165206649.2976215,2027
16,0.0,na,na,6.158515,47.634029,na,na,0.03097163066901106,total,na,na,na,na,6.15851547.634029,2027
17,0.0,na,na,2.1325288,48.79981280000001,na,na,0.03097163066901106,total,na,na,na,na,2.132528848.79981280000001,2027
18,0.0,na,na,-0.0377759,43.0972131,na,na,0.03097163066901106,total,na,na,na,na,-0.037775943.0972131,2027
19,0.0,na,na,5.027531199999999,43.951063,na,na,0.03097163066901106,total,na,na,na,na,5.02753119999999943.951063,2027
20,0.0,na,na,1.9506124,48.9426231,na,na,0.03097163066901106,total,na,na,na,na,1.950612448.9426231,2028
21,0.0,na,na,5.3152706,43.4087899,na,na,0.03097163066901106,total,na,na,na,na,5.315270643.4087899,2028
22,0.0,na,na,2.4851789,48.7670458,na,na,0.03097163066901106,total,na,na,na,na,2.485178948.7670458,2028
23,0.0,na,na,2.3150027,48.8224903,na,na,0.03097163066901106,total,na,na,na,na,2.315002748.8224903,2028
24,0.0,na,na,2.3138991,48.9193942,na,na,0.03097163066901106,total,na,na,na,na,2.313899148.9193942,2028
25,0.0,na,na,1.4237007,48.43694139999999,na,na,0.03097163066901106,total,na,na,na,na,1.423700748.43694139999999,2029
26,0.0,na,na,-3.1181825,48.5520623,na,na,0.03097163066901106,total,na,na,na,na,-3.118182548.5520623,2029
27,0.0,na,na,-1.3267882,48.5848696,na,na,0.03097163066901106,total,na,na,na,na,-1.326788248.5848696,2029
28,0.0,na,na,0.2638288,49.4786791,na,na,0.03097163066901106,total,na,na,na,na,0.263828849.4786791,2029
29,0.0,na,na,-1.4749484,47.272182,na,na,0.03097163066901106,total,na,na,na,na,-1.474948447.272182,2029
30,0.0,na,na,2.3463828,48.7679328,na,na,0.03097163066901106,total,na,na,na,na,2.346382848.7679328,2030
31,0.0,na,na,4.0452705,49.2390075,na,na,0.03097163066901106,total,na,na,na,na,4.045270549.2390075,2030
32,0.0,na,na,-1.682073,47.842697,na,na,0.03097163066901106,total,na,na,na,na,-1.68207347.842697,2030
33,0.0,na,na,5.04787,43.63809,na,na,0.03097163066901106,total,na,na,na,na,5.0478743.63809,2030
34,0.0,na,na,-1.0980458,48.0887729,na,na,0.03097163066901106,total,na,na,na,na,-1.098045848.0887729,2030
35,0.0,na,na,4.8900403,43.4839206,na,na,0.03097163066901106,total,na,na,na,na,4.890040343.4839206,2031
36,0.0,na,na,1.8601264,47.9759494,na,na,0.03097163066901106,total,na,na,na,na,1.860126447.9759494,2031
37,0.0,na,na,2.4418895,48.5957889,na,na,0.03097163066901106,total,na,na,na,na,2.441889548.5957889,2031
38,0.0,na,na,0.1501597,49.4878147,na,na,0.03097163066901106,total,na,na,na,na,0.150159749.4878147,2031
39,0.0,na,na,3.3133708,43.8640675,na,na,0.03097163066901106,total,na,na,na,na,3.313370843.8640675,2031
40,0.0,na,na,-1.5413924,47.9732284,na,na,0.03097163066901106,total,na,na,na,na,-1.541392447.9732284,2032
41,0.0,na,na,2.2478603,48.6032163,na,na,0.03097163066901106,total,na,na,na,na,2.247860348.6032163,2032
42,0.0,na,na,-2.643809,47.6311617,na,na,0.03097163066901106,total,na,na,na,na,-2.64380947.6311617,2032
43,0.0,na,na,-1.098699,48.0901964,na,na,0.03097163066901106,total,na,na,na,na,-1.09869948.0901964,2032
44,0.0,na,na,2.056602,47.88643,na,na,0.03097163066901106,total,na,na,na,na,2.05660247.88643,2032
45,0.0,na,na,0.452189,49.482777,na,na,0.03097163066901106,total,na,na,na,na,0.45218949.482777,2033
46,0.0,na,na,2.9527247,50.6110843,na,na,0.03097163066901106,total,na,na,na,na,2.952724750.6110843,2033
47,0.0,na,na,2.7363436,47.91805249999999,na,na,0.03097163066901106,total,na,na,na,na,2.736343647.91805249999999,2033
48,0.0,na,na,1.6188692,50.6888716,na,na,0.03097163066901106,total,na,na,na,na,1.618869250.6888716,2033
49,0.0,na,na,6.331231,43.39324,na,na,0.03097163066901106,total,na,na,na,na,6.33123143.39324,2033
50,0.0,na,na,0.319564,49.3205625,na,na,0.03097163066901106,total,na,na,na,na,0.31956449.3205625,2034
51,0.0,na,na,2.3831304,48.745943,na,na,0.03097163066901106,total,na,na,na,na,2.383130448.745943,2034
52,0.0,na,na,5.221011,46.249084,na,na,0.03097163066901106,total,na,na,na,na,5.22101146.249084,2034
53,0.0,na,na,2.9756818,50.4580055,na,na,0.03097163066901106,total,na,na,na,na,2.975681850.4580055,2034
54,0.0,na,na,3.136198,50.753855,na,na,0.03097163066901106,total,na,na,na,na,3.13619850.753855,2034
55,0.0,na,na,5.0470842,47.36375659999999,na,na,0.03097163066901106,total,na,na,na,na,5.047084247.36375659999999,2035
56,0.0,na,na,6.583306700000001,48.0416894,na,na,0.03097163066901106,total,na,na,na,na,6.58330670000000148.0416894,2035
57,0.0,na,na,7.296435,47.9749387,na,na,0.03097163066901106,total,na,na,na,na,7.29643547.9749387,2035
58,0.0,na,na,3.2947089,46.2944948,na,na,0.03097163066901106,total,na,na,na,na,3.294708946.2944948,2035
59,0.0,na,na,3.0265532,46.3754965,na,na,0.03097163066901106,total,na,na,na,na,3.026553246.3754965,2035
60,0.0,na,na,6.123497299999999,47.3262873,na,na,0.03097163066901106,total,na,na,na,na,6.12349729999999947.3262873,2036
61,0.0,na,na,-4.4536046,48.3924444,na,na,0.03097163066901106,total,na,na,na,na,-4.453604648.3924444,2036
62,0.0,na,na,4.8350396,45.6508009,na,na,0.03097163066901106,total,na,na,na,na,4.835039645.6508009,2036
63,0.0,na,na,7.552226999999999,47.5985689,na,na,0.03097163066901106,total,na,na,na,na,7.55222699999999947.5985689,2036
64,0.0,na,na,5.624406400000001,45.305296,na,na,0.03097163066901106,total,na,na,na,na,5.62440640000000145.305296,2036
65,0.0,na,na,5.3344594,46.0550728,na,na,0.03097163066901106,total,na,na,na,na,5.334459446.0550728,2037
66,0.0,na,na,0.7790026,49.6239874,na,na,0.03097163066901106,total,na,na,na,na,0.779002649.6239874,2037
67,0.0,na,na,6.0891651,48.8568108,na,na,0.03097163066901106,total,na,na,na,na,6.089165148.8568108,2037
68,0.0,na,na,6.4187162,48.5905919,na,na,0.03097163066901106,total,na,na,na,na,6.418716248.5905919,2037
69,0.0,na,na,5.6240475,45.27858029999999,na,na,0.03097163066901106,total,na,na,na,na,5.624047545.27858029999999,2037
70,0.0,na,na,-0.6234109999999999,47.4695081,na,na,0.03097163066901106,total,na,na,na,na,-0.623410999999999947.4695081,2038
71,0.0,na,na,2.8373509,50.2741645,na,na,0.03097163066901106,total,na,na,na,na,2.837350950.2741645,2038
72,0.0,na,na,0.608375,44.171244,na,na,0.03097163066901106,total,na,na,na,na,0.60837544.171244,2038
73,0.0,na,na,3.1316376,50.6136476,na,na,0.03097163066901106,total,na,na,na,na,3.131637650.6136476,2038
74,0.0,na,na,7.3935013,47.8009882,na,na,0.03097163066901106,total,na,na,na,na,7.393501347.8009882,2038
75,0.0,na,na,4.826238099999999,45.5889132,na,na,0.03097163066901106,total,na,na,na,na,4.82623809999999945.5889132,2039
76,0.0,na,na,4.8850774,46.4463275,na,na,0.03097163066901106,total,na,na,na,na,4.885077446.4463275,2039
77,0.0,na,na,1.999847,46.5826047,na,na,0.03097163066901106,total,na,na,na,na,1.99984746.5826047,2039
78,0.0,na,na,3.0540307,50.550726,na,na,0.03097163066901106,total,na,na,na,na,3.054030750.550726,2039
79,0.0,na,na,3.3918198,46.3215926,na,na,0.03097163066901106,total,na,na,na,na,3.391819846.3215926,2039
80,0.0,na,na,4.870923299999999,45.0062213,na,na,0.03097163066901106,total,na,na,na,na,4.87092329999999945.0062213,2040
81,0.0,na,na,3.074016,50.5403372,na,na,0.03097163066901106,total,na,na,na,na,3.07401650.5403372,2040
82,0.0,na,na,7.4602001,48.6345576,na,na,0.03097163066901106,total,na,na,na,na,7.460200148.6345576,2040
83,0.0,na,na,3.4678494,50.34062549999999,na,na,0.03097163066901106,total,na,na,na,na,3.467849450.34062549999999,2040
84,0.0,na,na,5.2962621,46.202994,na,na,0.03097163066901106,total,na,na,na,na,5.296262146.202994,2040
85,0.0,na,na,-1.5373537,47.1549442,na,na,0.03097163066901106,total,na,na,na,na,-1.537353747.1549442,2041
86,0.0,na,na,1.7050161,43.7590279,na,na,0.03097163066901106,total,na,na,na,na,1.705016143.7590279,2041
87,0.0,na,na,4.9124913,47.09618649999999,na,na,0.03097163066901106,total,na,na,na,na,4.912491347.09618649999999,2041
88,0.0,na,na,4.8725709,48.647244,na,na,0.03097163066901106,total,na,na,na,na,4.872570948.647244,2041
89,0.0,na,na,4.881397,44.973073,na,na,0.03097163066901106,total,na,na,na,na,4.88139744.973073,2041
90,0.0,na,na,2.4247239,44.9097055,na,na,0.03097163066901106,total,na,na,na,na,2.424723944.9097055,2042
91,0.0,na,na,2.2126219,48.9516643,na,na,0.03097163066901106,total,na,na,na,na,2.212621948.9516643,2042
92,0.0,na,na,4.904867100000001,46.5704609,na,na,0.03097163066901106,total,na,na,na,na,4.90486710000000146.5704609,2042
93,0.0,na,na,4.9996751,45.7025869,na,na,0.03097163066901106,total,na,na,na,na,4.999675145.7025869,2042
94,0.0,na,na,7.2422396,48.7693208,na,na,0.03097163066901106,total,na,na,na,na,7.242239648.7693208,2042
95,0.0,na,na,1.9221433,50.9139061,na,na,0.03097163066901106,total,na,na,na,na,1.922143350.9139061,2043
96,0.0,na,na,3.6789388,49.3107677,na,na,0.03097163066901106,total,na,na,na,na,3.678938849.3107677,2043
97,0.0,na,na,7.676082999999999,48.479709,na,na,0.03097163066901106,total,na,na,na,na,7.67608299999999948.479709,2043
98,0.0,na,na,3.2052684,50.5184703,na,na,0.03097163066901106,total,na,na,na,na,3.205268450.5184703,2043
99,0.0,na,na,5.0713989,45.8450944,na,na,0.03097163066901106,total,na,na,na,na,5.071398945.8450944,2043
100,0.0,na,na,3.3610108,48.5353115,na,na,0.03097163066901106,total,na,na,na,na,3.361010848.5353115,2044
101,0.0,na,na,2.3893198,48.7502905,na,na,0.03097163066901106,total,na,na,na,na,2.389319848.7502905,2044
102,0.0,na,na,3.9566003,49.0464276,na,na,0.03097163066901106,total,na,na,na,na,3.956600349.0464276,2044
103,0.0,na,na,2.6213908,48.9084896,na,na,0.03097163066901106,total,na,na,na,na,2.621390848.9084896,2044
104,0.0,na,na,1.2946295,45.8979718,na,na,0.03097163066901106,total,na,na,na,na,1.294629545.8979718,2044
105,0.0,na,na,4.8740859,44.02721560000001,na,na,0.03097163066901106,total,na,na,na,na,4.874085944.02721560000001,2045
106,0.0,na,na,6.314658,43.394547,na,na,0.03097163066901106,total,na,na,na,na,6.31465843.394547,2045
107,0.0,na,na,1.4481212,43.6467035,na,na,0.03097163066901106,total,na,na,na,na,1.448121243.6467035,2045
108,0.0,na,na,1.3425146,49.1573638,na,na,0.03097163066901106,total,na,na,na,na,1.342514649.1573638,2045
109,0.0,na,na,2.1179122,49.4314492,na,na,0.03097163066901106,total,na,na,na,na,2.117912249.4314492,2045
110,0.0,na,na,1.976778,49.0655925,na,na,0.03097163066901106,total,na,na,na,na,1.97677849.0655925,2046
111,0.0,na,na,1.809503,50.9380219,na,na,0.03097163066901106,total,na,na,na,na,1.80950350.9380219,2046
112,0.0,na,na,2.7475249,48.830358,na,na,0.03097163066901106,total,na,na,na,na,2.747524948.830358,2046
113,0.0,na,na,0.7287528999999999,44.39777489999999,na,na,0.03097163066901106,total,na,na,na,na,0.728752899999999944.39777489999999,2046
114,0.0,na,na,-1.5275259,47.211559,na,na,0.03097163066901106,total,na,na,na,na,-1.527525947.211559,2046
115,0.0,na,na,5.454492399999999,43.2921208,na,na,0.03097163066901106,total,na,na,na,na,5.45449239999999943.2921208,2047
116,0.0,na,na,5.197978,43.516677,na,na,0.03097163066901106,total,na,na,na,na,5.19797843.516677,2047
117,0.0,na,na,1.2917197,48.7435232,na,na,0.03097163066901106,total,na,na,na,na,1.291719748.7435232,2047
118,0.0,na,na,1.7355421,50.8618655,na,na,0.03097163066901106,total,na,na,na,na,1.735542150.8618655,2047
119,0.0,na,na,0.2938927,48.7879241,na,na,0.03097163066901106,total,na,na,na,na,0.293892748.7879241,2047
120,0.0,na,na,2.2478259,48.6026327,na,na,0.03097163066901106,total,na,na,na,na,2.247825948.6026327,2048
121,0.0,na,na,1.8829038,48.7178944,na,na,0.03097163066901106,total,na,na,na,na,1.882903848.7178944,2048
122,0.0,na,na,-3.1963793,47.7794709,na,na,0.03097163066901106,total,na,na,na,na,-3.196379347.7794709,2048
123,0.0,na,na,2.6361404,49.0334709,na,na,0.03097163066901106,total,na,na,na,na,2.636140449.0334709,2048
124,0.0,na,na,0.49375,44.829687,na,na,0.03097163066901106,total,na,na,na,na,0.4937544.829687,2048
125,0.0,na,na,0.0994557,48.4436508,na,na,0.03097163066901106,total,na,na,na,na,0.099455748.4436508,2049
126,0.0,na,na,1.0607884,47.3325305,na,na,0.03097163066901106,total,na,na,na,na,1.060788447.3325305,2049
127,0.0,na,na,1.1265159,49.4368404,na,na,0.03097163066901106,total,na,na,na,na,1.126515949.4368404,2049
128,0.0,na,na,1.5057306,43.5928012,na,na,0.03097163066901106,total,na,na,na,na,1.505730643.5928012,2049
129,0.0,na,na,-1.4702721,47.1722608,na,na,0.03097163066901106,total,na,na,na,na,-1.470272147.1722608,2049
130,0.0,na,na,2.1592059,48.90861,na,na,0.03097163066901106,total,na,na,na,na,2.159205948.90861,2050
131,0.0,na,na,1.1505118,47.3295342,na,na,0.03097163066901106,total,na,na,na,na,1.150511847.3295342,2050
132,0.0,na,na,-0.4469896,44.9206378,na,na,0.03097163066901106,total,na,na,na,na,-0.446989644.9206378,2050
133,0.0,na,na,-0.8908197999999999,46.9666846,na,na,0.03097163066901106,total,na,na,na,na,-0.890819799999999946.9666846,2050
134,0.0,na,na,7.034599699999999,43.5891537,na,na,0.03097163066901106,total,na,na,na,na,7.03459969999999943.5891537,2050
135,0.0,na,na,-0.2687784,43.7211576,na,na,0.03097163066901106,total,na,na,na,na,-0.268778443.7211576,2051
136,0.0,na,na,0.5301273,48.5279369,na,na,0.03097163066901106,total,na,na,na,na,0.530127348.5279369,2051
137,0.0,na,na,2.994999,43.178117,na,na,0.03097163066901106,total,na,na,na,na,2.99499943.178117,2051
138,0.0,na,na,7.5140481,43.7832219,na,na,0.03097163066901106,total,na,na,na,na,7.514048143.7832219,2051
139,0.0,na,na,5.3324131,47.8691225,na,na,0.03097163066901106,total,na,na,na,na,5.332413147.8691225,2051
140,0.0,na,na,5.2525374,43.368391,na,na,0.03097163066901106,total,na,na,na,na,5.252537443.368391,2052
141,0.0,na,na,-1.0247208,45.6468499,na,na,0.03097163066901106,total,na,na,na,na,-1.024720845.6468499,2052
142,0.0,na,na,6.7264719,48.5494237,na,na,0.03097163066901106,total,na,na,na,na,6.726471948.5494237,2052
143,0.0,na,na,7.778676699999999,48.8202419,na,na,0.03097163066901106,total,na,na,na,na,7.77867669999999948.8202419,2052
144,0.0,na,na,0.7856689,43.10522,na,na,0.03097163066901106,total,na,na,na,na,0.785668943.10522,2052
145,0.0,na,na,7.7399173,48.8151367,na,na,0.03097163066901106,total,na,na,na,na,7.739917348.8151367,2053
146,0.0,na,na,5.984113799999999,47.2440734,na,na,0.03097163066901106,total,na,na,na,na,5.98411379999999947.2440734,2053
147,0.0,na,na,6.439513700000001,48.1919306,na,na,0.03097163066901106,total,na,na,na,na,6.43951370000000148.1919306,2053
148,0.0,na,na,-0.7525795,48.0811994,na,na,0.03097163066901106,total,na,na,na,na,-0.752579548.0811994,2053
149,0.0,na,na,6.754982,43.437813,na,na,0.03097163066901106,total,na,na,na,na,6.75498243.437813,2053
150,0.0,na,na,1.4513895,49.1115024,na,na,0.03097163066901106,total,na,na,na,na,1.451389549.1115024,2054
151,0.0,na,na,0.0969025999999999,48.299224,na,na,0.03097163066901106,total,na,na,na,na,0.096902599999999948.299224,2054
152,0.0,na,na,2.213749,46.227638,na,na,0.03097163066901106,total,na,na,na,na,2.21374946.227638,2054
153,0.0,na,na,4.8399156,48.9182563,na,na,0.03097163066901106,total,na,na,na,na,4.839915648.9182563,2054
154,0.0,na,na,-0.5729498,47.4590727,na,na,0.03097163066901106,total,na,na,na,na,-0.572949847.4590727,2054
155,0.0,na,na,4.3293228,43.8101671,na,na,0.03097163066901106,total,na,na,na,na,4.329322843.8101671,2055
156,0.0,na,na,2.0357943,45.3966882,na,na,0.03097163066901106,total,na,na,na,na,2.035794345.3966882,2055
157,0.0,na,na,6.057349299999999,44.5410908,na,na,0.03097163066901106,total,na,na,na,na,6.05734929999999944.5410908,2055
158,0.0,na,na,-2.4451375,48.4226444,na,na,0.03097163066901106,total,na,na,na,na,-2.445137548.4226444,2055
159,0.0,na,na,5.2324421,47.2332451,na,na,0.03097163066901106,total,na,na,na,na,5.232442147.2332451,2055
160,0.0,na,na,-0.2756401,47.1964319,na,na,0.03097163066901106,total,na,na,na,na,-0.275640147.1964319,2056
161,0.0,na,na,2.18884,43.776621,na,na,0.03097163066901106,total,na,na,na,na,2.1888443.776621,2056
162,0.0,na,na,-2.6369853,47.8384799,na,na,0.03097163066901106,total,na,na,na,na,-2.636985347.8384799,2056
163,0.0,na,na,5.876002199999999,46.9474794,na,na,0.03097163066901106,total,na,na,na,na,5.87600219999999946.9474794,2056
164,0.0,na,na,0.6622703,44.1859389,na,na,0.03097163066901106,total,na,na,na,na,0.662270344.1859389,2056
165,0.0,na,na,3.2220163,43.3546182,na,na,0.03097163066901106,total,na,na,na,na,3.222016343.3546182,2057
166,0.0,na,na,2.9557295,43.4206683,na,na,0.03097163066901106,total,na,na,na,na,2.955729543.4206683,2057
167,0.0,na,na,1.1829291,43.5181624,na,na,0.03097163066901106,total,na,na,na,na,1.182929143.5181624,2057
168,0.0,na,na,4.833495999999999,44.867648,na,na,0.03097163066901106,total,na,na,na,na,4.83349599999999944.867648,2057
169,0.0,na,na,2.0290756,48.5304391,na,na,0.03097163066901106,total,na,na,na,na,2.029075648.5304391,2057
170,0.0,na,na,4.5776519,49.478191,na,na,0.03097163066901106,total,na,na,na,na,4.577651949.478191,2058
171,0.0,na,na,-0.7864355,43.4897104,na,na,0.03097163066901106,total,na,na,na,na,-0.786435543.4897104,2058
172,0.0,na,na,4.7890497,45.7214462,na,na,0.03097163066901106,total,na,na,na,na,4.789049745.7214462,2058
173,0.0,na,na,6.8173583,47.9516791,na,na,0.03097163066901106,total,na,na,na,na,6.817358347.9516791,2058
174,0.0,na,na,8.761602700000001,41.9697511,na,na,0.03097163066901106,total,na,na,na,na,8.76160270000000141.9697511,2058
175,0.0,na,na,-4.0899155,47.9999962,na,na,0.03097163066901106,total,na,na,na,na,-4.089915547.9999962,2059
176,0.0,na,na,4.5899711,48.7345686,na,na,0.03097163066901106,total,na,na,na,na,4.589971148.7345686,2059
177,0.0,na,na,-4.471039999999999,48.41611,na,na,0.03097163066901106,total,na,na,na,na,-4.47103999999999948.41611,2059
178,0.0,na,na,4.3079133,46.9532163,na,na,0.03097163066901106,total,na,na,na,na,4.307913346.9532163,2059
179,0.0,na,na,1.4689427,43.3532688,na,na,0.03097163066901106,total,na,na,na,na,1.468942743.3532688,2059
180,0.0,na,na,1.6082479,50.060969,na,na,0.03097163066901106,total,na,na,na,na,1.608247950.060969,2060
181,0.0,na,na,-0.2315568,44.440827,na,na,0.03097163066901106,total,na,na,na,na,-0.231556844.440827,2060
182,0.0,na,na,1.0761867,49.9084442,na,na,0.03097163066901106,total,na,na,na,na,1.076186749.9084442,2060
183,0.0,na,na,0.8479926,49.1225908,na,na,0.03097163066901106,total,na,na,na,na,0.847992649.1225908,2060
184,0.0,na,na,6.1619477,47.1946114,na,na,0.03097163066901106,total,na,na,na,na,6.161947747.1946114,2060
185,0.0,na,na,-0.768326,48.0684111,na,na,0.03097163066901106,total,na,na,na,na,-0.76832648.0684111,2061
186,0.0,na,na,-0.4444353,43.7907899,na,na,0.03097163066901106,total,na,na,na,na,-0.444435343.7907899,2061
187,0.0,na,na,-0.69521,44.8610473,na,na,0.03097163066901106,total,na,na,na,na,-0.6952144.8610473,2061
188,0.0,na,na,2.8046948,49.0335367,na,na,0.03097163066901106,total,na,na,na,na,2.804694849.0335367,2061
189,0.0,na,na,6.8596292,47.6262461,na,na,0.03097163066901106,total,na,na,na,na,6.859629247.6262461,2061
190,0.0,na,na,2.2745439,49.8589941,na,na,0.03097163066901106,total,na,na,na,na,2.274543949.8589941,2062
191,0.0,na,na,3.251648,45.5359108,na,na,0.03097163066901106,total,na,na,na,na,3.25164845.5359108,2062
192,0.0,na,na,-2.5092127,48.4758867,na,na,0.03097163066901106,total,na,na,na,na,-2.509212748.4758867,2062
193,0.0,na,na,3.739829499999999,45.5516551,na,na,0.03097163066901106,total,na,na,na,na,3.73982949999999945.5516551,2062
194,0.0,na,na,-1.032999,43.327408,na,na,0.03097163066901106,total,na,na,na,na,-1.03299943.327408,2062
195,0.0,na,na,4.3703588,47.6197377,na,na,0.03097163066901106,total,na,na,na,na,4.370358847.6197377,2063
196,0.0,na,na,7.6111994,48.5804532,na,na,0.03097163066901106,total,na,na,na,na,7.611199448.5804532,2063
197,0.0,na,na,1.7444118,47.3531951,na,na,0.03097163066901106,total,na,na,na,na,1.744411847.3531951,2063
198,0.0,na,na,4.7422002,45.3094251,na,na,0.03097163066901106,total,na,na,na,na,4.742200245.3094251,2063
199,0.0,na,na,-0.5908561999999999,43.6591349,na,na,0.03097163066901106,total,na,na,na,na,-0.590856199999999943.6591349,2063
200,0.0,na,na,4.5127057,44.5700087,na,na,0.03097163066901106,total,na,na,na,na,4.512705744.5700087,2064
201,0.0,na,na,0.7265364,47.40408799999999,na,na,0.03097163066901106,total,na,na,na,na,0.726536447.40408799999999,2064
202,0.0,na,na,4.8171872,47.0146925,na,na,0.03097163066901106,total,na,na,na,na,4.817187247.0146925,2064
203,0.0,na,na,4.4294064,48.4284336,na,na,0.03097163066901106,total,na,na,na,na,4.429406448.4284336,2064
204,0.0,na,na,-3.9189422,47.8728294,na,na,0.03097163066901106,total,na,na,na,na,-3.918942247.8728294,2064
205,0.0,na,na,1.8241966,48.9565922,na,na,0.03097163066901106,total,na,na,na,na,1.824196648.9565922,2065
206,0.0,na,na,5.0006223,43.8105479,na,na,0.03097163066901106,total,na,na,na,na,5.000622343.8105479,2065
207,0.0,na,na,0.7401945,47.3811024,na,na,0.03097163066901106,total,na,na,na,na,0.740194547.3811024,2065
208,0.0,na,na,-2.9625658,48.0573215,na,na,0.03097163066901106,total,na,na,na,na,-2.962565848.0573215,2065
209,0.0,na,na,-2.283582,48.083875,na,na,0.03097163066901106,total,na,na,na,na,-2.28358248.083875,2065
210,0.0,na,na,4.0523084,46.5967518,na,na,0.03097163066901106,total,na,na,na,na,4.052308446.5967518,2066
211,0.0,na,na,0.1609266,48.0157803,na,na,0.03097163066901106,total,na,na,na,na,0.160926648.0157803,2066
212,0.0,na,na,4.0216708,48.2413016,na,na,0.03097163066901106,total,na,na,na,na,4.021670848.2413016,2066
213,0.0,na,na,1.152883,44.065848,na,na,0.03097163066901106,total,na,na,na,na,1.15288344.065848,2066
214,0.0,na,na,-1.6857871,48.149558,na,na,0.03097163066901106,total,na,na,na,na,-1.685787148.149558,2066
215,0.0,na,na,6.073739799999999,44.55945,na,na,0.03097163066901106,total,na,na,na,na,6.07373979999999944.55945,2067
216,0.0,na,na,1.9142162,48.9920299,na,na,0.03097163066901106,total,na,na,na,na,1.914216248.9920299,2067
217,0.0,na,na,0.5760694,43.6175923,na,na,0.03097163066901106,total,na,na,na,na,0.576069443.6175923,2067
218,0.0,na,na,1.3148436,47.6043605,na,na,0.03097163066901106,total,na,na,na,na,1.314843647.6043605,2067
219,0.0,na,na,3.8352668,43.57771229999999,na,na,0.03097163066901106,total,na,na,na,na,3.835266843.57771229999999,2067
220,0.0,na,na,-2.093225,47.387127,na,na,0.03097163066901106,total,na,na,na,na,-2.09322547.387127,2068
221,0.0,na,na,5.2438864,46.1888139,na,na,0.03097163066901106,total,na,na,na,na,5.243886446.1888139,2068
222,0.0,na,na,6.829504,47.7344028,na,na,0.03097163066901106,total,na,na,na,na,6.82950447.7344028,2068
223,0.0,na,na,5.878219,43.102976,na,na,0.03097163066901106,total,na,na,na,na,5.87821943.102976,2068
224,0.0,na,na,4.860048000000001,45.6929278,na,na,0.03097163066901106,total,na,na,na,na,4.86004800000000145.6929278,2068
225,0.0,na,na,5.479871,43.326181,na,na,0.03097163066901106,total,na,na,na,na,5.47987143.326181,2069
226,0.0,na,na,4.989962999999999,46.833579,na,na,0.03097163066901106,total,na,na,na,na,4.98996299999999946.833579,2069
227,0.0,na,na,2.1044814,48.8761145,na,na,0.03097163066901106,total,na,na,na,na,2.104481448.8761145,2069
228,0.0,na,na,1.4801273,44.1159847,na,na,0.03097163066901106,total,na,na,na,na,1.480127344.1159847,2069
229,0.0,na,na,-4.0842534,47.9925836,na,na,0.03097163066901106,total,na,na,na,na,-4.084253447.9925836,2069
230,0.0,na,na,1.9911349,48.7841763,na,na,0.03097163066901106,total,na,na,na,na,1.991134948.7841763,2070
231,0.0,na,na,5.172237200000001,48.7693239,na,na,0.03097163066901106,total,na,na,na,na,5.17223720000000148.7693239,2070
232,0.0,na,na,4.223236500000001,45.7436262,na,na,0.03097163066901106,total,na,na,na,na,4.22323650000000145.7436262,2070
233,0.0,na,na,7.1155074,47.6311908,na,na,0.03097163066901106,total,na,na,na,na,7.115507447.6311908,2070
234,0.0,na,na,1.4103515,43.7249433,na,na,0.03097163066901106,total,na,na,na,na,1.410351543.7249433,2070
235,0.0,na,na,6.1598392,49.3513247,na,na,0.03097163066901106,total,na,na,na,na,6.159839249.3513247,2071
236,0.0,na,na,-0.3783115,43.3186376,na,na,0.03097163066901106,total,na,na,na,na,-0.378311543.3186376,2071
237,0.0,na,na,0.8644276,45.2297278,na,na,0.03097163066901106,total,na,na,na,na,0.864427645.2297278,2071
238,0.0,na,na,5.967785999999999,45.56873400000001,na,na,0.03097163066901106,total,na,na,na,na,5.96778599999999945.56873400000001,2071
239,0.0,na,na,0.6597362,43.8392716,na,na,0.03097163066901106,total,na,na,na,na,0.659736243.8392716,2071
240,0.0,na,na,6.1694391,48.7050036,na,na,0.03097163066901106,total,na,na,na,na,6.169439148.7050036,2072
241,0.0,na,na,5.049972599999999,43.9211046,na,na,0.03097163066901106,total,na,na,na,na,5.04997259999999943.9211046,2072
242,0.0,na,na,6.169026,49.2430874,na,na,0.03097163066901106,total,na,na,na,na,6.16902649.2430874,2072
243,0.0,na,na,1.243156,45.8217094,na,na,0.03097163066901106,total,na,na,na,na,1.24315645.8217094,2072
244,0.0,na,na,4.840497,45.05723769999999,na,na,0.03097163066901106,total,na,na,na,na,4.84049745.05723769999999,2072
245,0.0,na,na,-0.2643473,44.55205309999999,na,na,0.03097163066901106,total,na,na,na,na,-0.264347344.55205309999999,2073
246,0.0,na,na,6.0046881,45.8188848,na,na,0.03097163066901106,total,na,na,na,na,6.004688145.8188848,2073
247,0.0,na,na,2.1991236,48.86822100000001,na,na,0.03097163066901106,total,na,na,na,na,2.199123648.86822100000001,2073
248,0.0,na,na,0.4135674,43.5167699,na,na,0.03097163066901106,total,na,na,na,na,0.413567443.5167699,2073
249,0.0,na,na,4.1184562,46.4460676,na,na,0.03097163066901106,total,na,na,na,na,4.118456246.4460676,2073
250,0.0,na,na,-2.967056,48.066152,na,na,0.03097163066901106,total,na,na,na,na,-2.96705648.066152,2074
251,0.0,na,na,6.7073293,49.1145644,na,na,0.03097163066901106,total,na,na,na,na,6.707329349.1145644,2074
252,0.0,na,na,4.5710499,47.8534983,na,na,0.03097163066901106,total,na,na,na,na,4.571049947.8534983,2074
253,0.0,na,na,2.0484544,48.7977783,na,na,0.03097163066901106,total,na,na,na,na,2.048454448.7977783,2074
254,0.0,na,na,5.8868678,48.6728348,na,na,0.03097163066901106,total,na,na,na,na,5.886867848.6728348,2074
255,0.0,na,na,0.920906,43.4763376,na,na,0.03097163066901106,total,na,na,na,na,0.92090643.4763376,2075
256,0.0,na,na,2.9197735,49.7597236,na,na,0.03097163066901106,total,na,na,na,na,2.919773549.7597236,2075
257,0.0,na,na,-1.6374496,47.2144746,na,na,0.03097163066901106,total,na,na,na,na,-1.637449647.2144746,2075
258,0.0,na,na,4.6491757,44.2581619,na,na,0.03097163066901106,total,na,na,na,na,4.649175744.2581619,2075
259,0.0,na,na,6.8713622,47.6342807,na,na,0.03097163066901106,total,na,na,na,na,6.871362247.6342807,2075
260,0.0,na,na,2.3017254,48.73925269999999,na,na,0.03097163066901106,total,na,na,na,na,2.301725448.73925269999999,2076
261,0.0,na,na,2.5492497,48.9844585,na,na,0.03097163066901106,total,na,na,na,na,2.549249748.9844585,2076
262,0.0,na,na,-0.7751523,48.0597012,na,na,0.03097163066901106,total,na,na,na,na,-0.775152348.0597012,2076
263,0.0,na,na,-1.474841,43.492949,na,na,0.03097163066901106,total,na,na,na,na,-1.47484143.492949,2076
264,0.0,na,na,1.6660945,47.3380895,na,na,0.03097163066901106,total,na,na,na,na,1.666094547.3380895,2076
265,0.0,na,na,0.551215,44.219249,na,na,0.03097163066901106,total,na,na,na,na,0.55121544.219249,2077
266,0.0,na,na,2.8023384,46.1844309,na,na,0.03097163066901106,total,na,na,na,na,2.802338446.1844309,2077
267,0.0,na,na,4.1475445,49.128754,na,na,0.03097163066901106,total,na,na,na,na,4.147544549.128754,2077
268,0.0,na,na,3.6693102,47.7900798,na,na,0.03097163066901106,total,na,na,na,na,3.669310247.7900798,2077
269,0.0,na,na,6.2576296,44.5514373,na,na,0.03097163066901106,total,na,na,na,na,6.257629644.5514373,2077
270,0.0,na,na,2.7233253,44.2838213,na,na,0.03097163066901106,total,na,na,na,na,2.723325344.2838213,2078
271,0.0,na,na,-1.6148931,47.5630076,na,na,0.03097163066901106,total,na,na,na,na,-1.614893147.5630076,2078
272,0.0,na,na,5.9875408,43.4222448,na,na,0.03097163066901106,total,na,na,na,na,5.987540843.4222448,2078
273,0.0,na,na,2.970345,42.9955331,na,na,0.03097163066901106,total,na,na,na,na,2.97034542.9955331,2078
274,0.0,na,na,2.751247,43.1998459,na,na,0.03097163066901106,total,na,na,na,na,2.75124743.1998459,2078
275,0.0,na,na,-0.9866682,44.880687,na,na,0.03097163066901106,total,na,na,na,na,-0.986668244.880687,2079
276,0.0,na,na,2.7013566,44.0900281,na,na,0.03097163066901106,total,na,na,na,na,2.701356644.0900281,2079
277,0.0,na,na,1.4168725,43.5150718,na,na,0.03097163066901106,total,na,na,na,na,1.416872543.5150718,2079
278,0.0,na,na,1.147434,49.31923399999999,na,na,0.03097163066901106,total,na,na,na,na,1.14743449.31923399999999,2079
279,0.0,na,na,2.4441231,48.5945981,na,na,0.03097163066901106,total,na,na,na,na,2.444123148.5945981,2079
280,0.0,na,na,-0.1068823,47.539021,na,na,0.03097163066901106,total,na,na,na,na,-0.106882347.539021,2080
281,0.0,na,na,5.3425756,43.3498318,na,na,0.03097163066901106,total,na,na,na,na,5.342575643.3498318,2080
282,0.0,na,na,0.3287789,46.6051096,na,na,0.03097163066901106,total,na,na,na,na,0.328778946.6051096,2080
283,0.0,na,na,1.685595,50.7925317,na,na,0.03097163066901106,total,na,na,na,na,1.68559550.7925317,2080
284,0.0,na,na,2.89344,48.01341499999999,na,na,0.03097163066901106,total,na,na,na,na,2.8934448.01341499999999,2080
285,0.0,na,na,-1.4429583,48.5802218,na,na,0.03097163066901106,total,na,na,na,na,-1.442958348.5802218,2081
286,0.0,na,na,2.442325,48.9827387,na,na,0.03097163066901106,total,na,na,na,na,2.44232548.9827387,2081
287,0.0,na,na,3.183556,46.733498,na,na,0.03097163066901106,total,na,na,na,na,3.18355646.733498,2081
288,0.0,na,na,1.8301497,48.5461461,na,na,0.03097163066901106,total,na,na,na,na,1.830149748.5461461,2081
289,0.0,na,na,4.8556221,43.9696275,na,na,0.03097163066901106,total,na,na,na,na,4.855622143.9696275,2081
290,0.0,na,na,2.6660586,48.9522237,na,na,0.03097163066901106,total,na,na,na,na,2.666058648.9522237,2082
291,0.0,na,na,-1.5980916,43.4217694,na,na,0.03097163066901106,total,na,na,na,na,-1.598091643.4217694,2082
292,0.0,na,na,4.2409954,48.2141269,na,na,0.03097163066901106,total,na,na,na,na,4.240995448.2141269,2082
293,0.0,na,na,2.5189824,48.8544023,na,na,0.03097163066901106,total,na,na,na,na,2.518982448.8544023,2082
294,0.0,na,na,-1.9441247,48.1392894,na,na,0.03097163066901106,total,na,na,na,na,-1.944124748.1392894,2082
295,0.0,na,na,0.5297252,46.80682909999999,na,na,0.03097163066901106,total,na,na,na,na,0.529725246.80682909999999,2083
296,0.0,na,na,0.8074219,45.1381615,na,na,0.03097163066901106,total,na,na,na,na,0.807421945.1381615,2083
297,0.0,na,na,2.4855139,49.2501673,na,na,0.03097163066901106,total,na,na,na,na,2.485513949.2501673,2083
298,0.0,na,na,1.16979,49.2100141,na,na,0.03097163066901106,total,na,na,na,na,1.1697949.2100141,2083
299,0.0,na,na,5.2366907,43.3939266,na,na,0.03097163066901106,total,na,na,na,na,5.236690743.3939266,2083
300,0.0,na,na,2.3913708,48.9338743,na,na,0.03097163066901106,total,na,na,na,na,2.391370848.9338743,2084
301,0.0,na,na,-2.5904269,48.4767983,na,na,0.03097163066901106,total,na,na,na,na,-2.590426948.4767983,2084
302,0.0,na,na,-3.4092021,48.5492772,na,na,0.03097163066901106,total,na,na,na,na,-3.409202148.5492772,2084
303,0.0,na,na,5.3900288,43.50473909999999,na,na,0.03097163066901106,total,na,na,na,na,5.390028843.50473909999999,2084
304,0.0,na,na,2.7623893,48.0535305,na,na,0.03097163066901106,total,na,na,na,na,2.762389348.0535305,2084
305,0.0,na,na,5.26961,43.72078,na,na,0.03097163066901106,total,na,na,na,na,5.2696143.72078,2085
306,0.0,na,na,5.802294,43.198331,na,na,0.03097163066901106,total,na,na,na,na,5.80229443.198331,2085
307,0.0,na,na,1.273773,49.480412,na,na,0.03097163066901106,total,na,na,na,na,1.27377349.480412,2085
308,0.0,na,na,-0.649051,45.8070695,na,na,0.03097163066901106,total,na,na,na,na,-0.64905145.8070695,2085
309,0.0,na,na,-1.7723171,47.2695013,na,na,0.03097163066901106,total,na,na,na,na,-1.772317147.2695013,2085
310,0.0,na,na,2.4438132,48.9543768,na,na,0.03097163066901106,total,na,na,na,na,2.443813248.9543768,2086
311,0.0,na,na,-1.7184956,47.2134809,na,na,0.03097163066901106,total,na,na,na,na,-1.718495647.2134809,2086
312,0.0,na,na,-4.2585727,48.4445099,na,na,0.03097163066901106,total,na,na,na,na,-4.258572748.4445099,2086
313,0.0,na,na,3.2920727,44.5632994,na,na,0.03097163066901106,total,na,na,na,na,3.292072744.5632994,2086
314,0.0,na,na,2.018903,48.957651,na,na,0.03097163066901106,total,na,na,na,na,2.01890348.957651,2086
315,0.0,na,na,3.0817644,44.1099916,na,na,0.03097163066901106,total,na,na,na,na,3.081764444.1099916,2087
316,0.0,na,na,2.6200215,48.84098059999999,na,na,0.03097163066901106,total,na,na,na,na,2.620021548.84098059999999,2087
317,0.0,na,na,1.0105192,44.7714687,na,na,0.03097163066901106,total,na,na,na,na,1.010519244.7714687,2087
318,0.0,na,na,4.642068699999999,43.701124,na,na,0.03097163066901106,total,na,na,na,na,4.64206869999999943.701124,2087
319,0.0,na,na,2.5150231,48.5434566,na,na,0.03097163066901106,total,na,na,na,na,2.515023148.5434566,2087
320,0.0,na,na,-0.7001708999999999,49.270863,na,na,0.03097163066901106,total,na,na,na,na,-0.700170899999999949.270863,2088
321,0.0,na,na,3.0074056,49.40363019999999,na,na,0.03097163066901106,total,na,na,na,na,3.007405649.40363019999999,2088
322,0.0,na,na,0.0726479999999999,48.022896,na,na,0.03097163066901106,total,na,na,na,na,0.072647999999999948.022896,2088
323,0.0,na,na,-2.1299439,47.7715409,na,na,0.03097163066901106,total,na,na,na,na,-2.129943947.7715409,2088
324,0.0,na,na,-1.6136181,48.1139021,na,na,0.03097163066901106,total,na,na,na,na,-1.613618148.1139021,2088
325,0.0,na,na,0.1389333,44.4617475,na,na,0.03097163066901106,total,na,na,na,na,0.138933344.4617475,2089
326,0.0,na,na,0.5951689,47.1131514,na,na,0.03097163066901106,total,na,na,na,na,0.595168947.1131514,2089
327,0.0,na,na,3.5282231,47.8807248,na,na,0.03097163066901106,total,na,na,na,na,3.528223147.8807248,2089
328,0.0,na,na,-1.8460417,47.9276126,na,na,0.03097163066901106,total,na,na,na,na,-1.846041747.9276126,2089
329,0.0,na,na,-1.0333098,48.9371895,na,na,0.03097163066901106,total,na,na,na,na,-1.033309848.9371895,2089
330,0.0,na,na,-3.1755566,48.2268189,na,na,0.03097163066901106,total,na,na,na,na,-3.175556648.2268189,2090
331,0.0,na,na,1.3660087,44.0257049,na,na,0.03097163066901106,total,na,na,na,na,1.366008744.0257049,2090
