,Identifiant aire logistique dense (e1),Région d'implantation,Numéro aires dans région,Communes concernées par l'aire logistique,Nombre d'EPL de plus de  5 000 m2,Surface totale,P_Transport_et_entreposage,P_commerce,P_industrie,P_autres,Eff_com_entreposage,EFF_EPL_5000,Poids de l'entreposage,Chargement,Déchargement,commune_clean,location,latitude,longitude
0,1,52,3,"Saint-Nazaire, Montoir-de-Bretagne, Trignac",10 - 19,155000,0.6,0.1,0.3,0,1800,300,0.04525297072154845,30,30,Saint-Nazaire,"(47.2733517, -2.2138905)",47.2733517,-2.2138905
1,11,52,19,Saint-Sylvain-d'Anjou,3 - 9,50000,0.3333333333333333,0.6666666666666666,0,0,NC,NC,NC,NC,NC,Saint-Sylvain-d'Anjou,"(47.5129785, -0.47799013176375205)",47.5129785,-0.47799013176375205
2,12,24,4,"Parçay-Meslay, Tours",3 - 9,142000,0.4444444444444444,0.3333333333333333,0.2222222222222222,0,NC,NC,NC,NC,NC,Parçay-Meslay,"(47.4413885, 0.7456752)",47.4413885,0.7456752
3,16,52,20,Seiches-sur-le-Loir,3 - 9,36000,0,0.3333333333333333,0.3333333333333333,0.3333333333333333,NC,NC,NC,NC,NC,Seiches-sur-le-Loir,"(47.5765866, -0.3619433)",47.5765866,-0.3619433
4,20,52,2,"Saint-Barthélemy-d'Anjou, Angers, Écouflant",10 - 19,247000,0.5294117647058824,0.35294117647058826,0.058823529411764705,0.058823529411764705,1900,300,0.02260195778376934,30,30,Saint-Barthélemy-d'Anjou,"(47.4683081, -0.4932941)",47.4683081,-0.4932941
5,23,28,7,"Rogerville, Oudalle, Gonfreville-l'Orcher",3 - 9,166000,1,0,0,0,NC,NC,NC,NC,NC,Rogerville,"(49.5032616, 0.2631791)",49.5032616,0.2631791
6,25,11,25,"Poincy, Meaux",3 - 9,59000,0.75,0.25,0,0,NC,NC,NC,NC,NC,Poincy,"(48.9692581, 2.9349893)",48.9692581,2.9349893
7,28,32,19,"Dunkerque, Coudekerque-Branche",3 - 9,144000,0.16666666666666666,0.5,0.3333333333333333,0,NC,NC,NC,NC,NC,Dunkerque,"(51.0347708, 2.3772525)",51.0347708,2.3772525
8,31,24,17,Châteauneuf-sur-Loire,3 - 9,49000,0.25,0.25,0.5,0,NC,NC,NC,NC,NC,Châteauneuf-sur-Loire,"(47.8642836, 2.2283459)",47.8642836,2.2283459
9,40,11,11,"Bussy-Saint-Georges, Ferrières-en-Brie",10 - 19,446000,0.5333333333333333,0.4,0,0.06666666666666667,1400,900,0.13611544461778471,10,10,Bussy-Saint-Georges,"(48.8430257, 2.6973858)",48.8430257,2.6973858
10,46,44,31,"Algolsheim, Neuf-Brisach, Volgelsheim",3 - 9,57000,0.3333333333333333,0,0.3333333333333333,0.3333333333333333,NC,NC,NC,NC,NC,Algolsheim,"(48.0052375, 7.5606558)",48.0052375,7.5606558
11,54,75,9,"Agen, Pont-du-Casse",3 - 9,63000,0.5,0.5,0,0,NC,NC,NC,NC,NC,Agen,"(44.2015827, 0.6176112)",44.2015827,0.6176112
12,61,75,10,Brive-la-Gaillarde,3 - 9,54000,0.25,0.5,0.25,0,NC,NC,NC,NC,NC,Brive-la-Gaillarde,"(45.1584982, 1.5332389)",45.1584982,1.5332389
13,68,44,6,"Saint-Martin-sur-le-Pré, Recy, Châlons-en-Champagne",3 - 9,523000,0.3333333333333333,0.2222222222222222,0.4444444444444444,0,NC,NC,NC,NC,NC,Saint-Martin-sur-le-Pré,"(48.977621, 4.3366642)",48.977621,4.3366642
14,69,11,15,"Ris-Orangis, Fleury-Mérogis, Grigny",3 - 9,116000,0.25,0.625,0,0.125,NC,NC,NC,NC,NC,Ris-Orangis,"(48.6538754, 2.4151151)",48.6538754,2.4151151
15,81,53,3,Loudéac,3 - 9,63000,0.3333333333333333,0.3333333333333333,0.3333333333333333,0,NC,NC,NC,NC,NC,Loudéac,"(48.1762534, -2.7535644)",48.1762534,-2.7535644
16,94,44,32,"Épernay, Magenta",3 - 9,38000,0,0.3333333333333333,0.6666666666666666,0,NC,NC,NC,NC,NC,Épernay,"(49.042561, 3.9528655)",49.042561,3.9528655
17,102,84,34,"Bonneville, Ayse",3 - 9,48000,0,0.6666666666666666,0.3333333333333333,0,NC,NC,NC,NC,NC,Bonneville,"(50.082567, 2.2486687)",50.082567,2.2486687
18,103,24,23,"Déols, Diors, Étrechet",3 - 9,24000,0.3333333333333333,0,0.6666666666666666,0,NC,NC,NC,NC,NC,Déols,"(46.8267767, 1.7010433)",46.8267767,1.7010433
19,105,84,1,"Saint-Quentin-Fallavier, Satolas-et-Bonce, La Verpillière",50 - 59,1347000,0.6296296296296297,0.2962962962962963,0.018518518518518517,0.05555555555555555,3200,2300,0.21994761510890543,10,10,Saint-Quentin-Fallavier,"(45.6314982, 5.1106322)",45.6314982,5.1106322
20,106,44,8,"Reims, Bétheny",3 - 9,137000,0.7142857142857143,0,0.2857142857142857,0,NC,NC,NC,NC,NC,Reims,"(49.2577886, 4.031926)",49.2577886,4.031926
21,125,76,10,Vendargues,3 - 9,98000,0,0.75,0,0.25,NC,NC,NC,NC,NC,Vendargues,"(43.6568263, 3.9687448)",43.6568263,3.9687448
22,128,75,19,Langon,3 - 9,89000,0,1,0,0,NC,NC,NC,NC,NC,Langon,"(44.5530659, -0.2449274)",44.5530659,-0.2449274
23,139,93,5,"Marignane, Vitrolles, Châteauneuf-les-Martigues, Saint-Victoret",10 - 19,218000,0.6,0.3,0.1,0,2500,400,0.04745120333522835,40,40,Marignane,"(43.4162729, 5.2146275)",43.4162729,5.2146275
24,143,93,8,"Carros, Le Broc",3 - 9,49000,0.16666666666666666,0.5,0.3333333333333333,0,NC,NC,NC,NC,NC,Carros,"(43.7846, 7.18785)",43.7846,7.18785
25,157,76,2,"Colomiers, Plaisance-du-Touch, Tournefeuille",10 - 19,185000,0.18181818181818182,0.36363636363636365,0.2727272727272727,0.18181818181818182,1600,600,0.056147512627136235,20,20,Colomiers,"(43.6121001, 1.3282149)",43.6121001,1.3282149
26,173,11,10,"Croissy-Beaubourg, Lognes, Émerainville, Pontault-Combault, Roissy-en-Brie",10 - 19,242000,0.4375,0.375,0.125,0.0625,1800,700,0.05537969820830388,10,10,Croissy-Beaubourg,"(48.8278734, 2.6584023)",48.8278734,2.6584023
27,176,24,11,"Vernouillet, Dreux, Garnay",3 - 9,103000,0.2,0.2,0.2,0.4,NC,NC,NC,NC,NC,Vernouillet,"(48.7166545, 1.3650922)",48.7166545,1.3650922
28,177,28,15,"Déville-lès-Rouen, Notre-Dame-de-Bondeville",3 - 9,23000,0,0,1,0,NC,NC,NC,NC,NC,Déville-lès-Rouen,"(49.4695338, 1.0495889)",49.4695338,1.0495889
29,180,53,1,"Rennes, Saint-Jacques-de-la-Lande, Vezin-le-Coquet, Le Rheu",3 - 9,81000,0.125,0.5,0.375,0,NC,NC,NC,NC,NC,Rennes,"(48.1113387, -1.6800198)",48.1113387,-1.6800198
30,183,27,2,"Crissey, Chalon-sur-Saône, Fragnes, Virey-le-Grand",10 - 19,259000,0.4,0.1,0.4,0.1,700,200,0.025437907604056408,30,30,Crissey,"(46.8157, 4.8862)",46.8157,4.8862
31,184,93,14,Orange,3 - 9,60000,0.3333333333333333,0,0.6666666666666666,0,NC,NC,NC,NC,NC,Orange,"(33.7500378, -117.8704931)",33.7500378,-117.8704931
32,193,24,24,"Pocé-sur-Cisse, Nazelles-Négron",3 - 9,31000,0,0,0.6666666666666666,0.3333333333333333,NC,NC,NC,NC,NC,Pocé-sur-Cisse,"(47.4432628, 0.991226)",47.4432628,0.991226
33,200,76,5,"Toulouse, Portet-sur-Garonne",3 - 9,45000,0.3333333333333333,0.5,0.16666666666666666,0,NC,NC,NC,NC,NC,Toulouse,"(43.6044622, 1.4442469)",43.6044622,1.4442469
34,205,24,5,"Saint-Cyr-en-Val, Ardon, Orléans",3 - 9,186000,0.2857142857142857,0.14285714285714285,0.42857142857142855,0.14285714285714285,NC,NC,NC,NC,NC,Saint-Cyr-en-Val,"(47.8320024, 1.9682549)",47.8320024,1.9682549
35,206,24,18,"Épernon, Droue-sur-Drouette",3 - 9,42000,0.25,0,0.75,0,NC,NC,NC,NC,NC,Épernon,"(48.6101745, 1.677222)",48.6101745,1.677222
36,228,32,36,Roye,3 - 9,124000,0.25,0,0.75,0,NC,NC,NC,NC,NC,Roye,"(49.6986186, 2.7930755)",49.6986186,2.7930755
37,233,53,12,"Sainte-Marie, Redon",3 - 9,50000,0.3333333333333333,0.6666666666666666,0,0,NC,NC,NC,NC,NC,Sainte-Marie,"(47.5091856, 6.6967773)",47.5091856,6.6967773
38,237,76,13,"Muret, Roques, Seysses",3 - 9,48000,0,0,0.3333333333333333,0.6666666666666666,NC,NC,NC,NC,NC,Muret,"(43.4599858, 1.3262332)",43.4599858,1.3262332
39,239,44,33,"Ungersheim, Ensisheim",3 - 9,22000,0.3333333333333333,0,0.6666666666666666,0,NC,NC,NC,NC,NC,Ungersheim,"(47.8775506, 7.3065723)",47.8775506,7.3065723
40,242,84,35,"Balan, Béligneux, Bressolles",3 - 9,30000,0,0.6666666666666666,0.3333333333333333,0,NC,NC,NC,NC,NC,Balan,"(45.8333789, 5.0969884)",45.8333789,5.0969884
41,261,32,43,"Labourse, Noeux-les-Mines",3 - 9,33000,0,0.3333333333333333,0.6666666666666666,0,NC,NC,NC,NC,NC,Labourse,"(50.4972978, 2.679865)",50.4972978,2.679865
42,263,32,5,"Prouvy, Rouvignies, Denain, Douchy-les-Mines, Wavrechain-sous-Denain",10 - 19,273000,0.4,0.2,0.3,0.1,900,500,0.07312536985374926,10,10,Prouvy,"(50.3185654, 3.4496843)",50.3185654,3.4496843
43,267,44,15,Atton,3 - 9,69000,0.4,0.6,0,0,NC,NC,NC,NC,NC,Atton,"(48.8911882, 6.0924226)",48.8911882,6.0924226
44,268,32,44,Chaulnes,3 - 9,56000,0.3333333333333333,0.3333333333333333,0,0.3333333333333333,NC,NC,NC,NC,NC,Chaulnes,"(49.8185412, 2.7993371)",49.8185412,2.7993371
45,272,28,11,"Lillebonne, Notre-Dame-de-Gravenchon",3 - 9,114000,0.5,0,0.5,0,NC,NC,NC,NC,NC,Lillebonne,"(49.5188282, 0.534411)",49.5188282,0.534411
46,286,32,45,"Laon, Athies-sous-Laon",3 - 9,54000,0.6666666666666666,0.3333333333333333,0,0,NC,NC,NC,NC,NC,Laon,"(49.564665, 3.620686)",49.564665,3.620686
47,294,44,18,"Custines, Frouard",3 - 9,76000,0.25,0,0.75,0,NC,NC,NC,NC,NC,Custines,"(48.791174, 6.1422309)",48.791174,6.1422309
48,303,93,9,Monteux,3 - 9,103000,0.4,0,0.6,0,NC,NC,NC,NC,NC,Monteux,"(44.0349281, 4.9968733)",44.0349281,4.9968733
49,304,93,10,Rognac,3 - 9,71000,0.6,0.4,0,0,NC,NC,NC,NC,NC,Rognac,"(43.4872341, 5.2342903)",43.4872341,5.2342903
50,308,32,20,"Monchy-le-Preux, Wancourt",3 - 9,70000,0.6666666666666666,0.16666666666666666,0.16666666666666666,0,NC,NC,NC,NC,NC,Monchy-le-Preux,"(50.2706461, 2.8939069)",50.2706461,2.8939069
51,310,53,13,Fougères,3 - 9,72000,0.6666666666666666,0,0.3333333333333333,0,NC,NC,NC,NC,NC,Fougères,"(48.3503362, -1.1958526)",48.3503362,-1.1958526
52,314,32,37,Harnes,3 - 9,106000,0.5,0.25,0.25,0,NC,NC,NC,NC,NC,Harnes,"(50.44741, 2.9068246)",50.44741,2.9068246
53,317,32,16,Amiens,3 - 9,140000,0,0.7142857142857143,0.2857142857142857,0,NC,NC,NC,NC,NC,Amiens,"(49.8941708, 2.2956951)",49.8941708,2.2956951
54,319,11,16,"Villabé, Lisses, Évry",3 - 9,251000,0.5,0.25,0.125,0.125,NC,NC,NC,NC,NC,Villabé,"(48.5885996, 2.4544951)",48.5885996,2.4544951
55,333,11,32,Les Mureaux,3 - 9,85000,0.6666666666666666,0,0,0.3333333333333333,NC,NC,NC,NC,NC,Les Mureaux,"(48.9931578, 1.909928)",48.9931578,1.909928
56,336,32,46,Ribécourt-Dreslincourt,3 - 9,53000,0,0.3333333333333333,0.6666666666666666,0,NC,NC,NC,NC,NC,Ribécourt-Dreslincourt,"(49.5107071, 2.9231228)",49.5107071,2.9231228
57,339,32,47,Halluin,3 - 9,45000,0.3333333333333333,0.3333333333333333,0.3333333333333333,0,NC,NC,NC,NC,NC,Halluin,"(50.7826693, 3.1249234)",50.7826693,3.1249234
58,341,84,17,"Rumilly 74150, Marigny-Saint-Marcel",3 - 9,136000,0.2,0.2,0.6,0,NC,NC,NC,NC,NC,Rumilly 74150,"(45.8672156, 5.9425679)",45.8672156,5.9425679
59,365,32,13,"Villeneuve-Saint-Germain, Soissons, Bucy-le-Long, Crouy, Cuffies",3 - 9,160000,0.375,0.125,0.25,0.25,NC,NC,NC,NC,NC,Villeneuve-Saint-Germain,"(49.38, 3.3594444)",49.38,3.3594444
60,367,84,36,Saint-Pierre-de-Chandieu,3 - 9,31000,0.6666666666666666,0,0.3333333333333333,0,NC,NC,NC,NC,NC,Saint-Pierre-de-Chandieu,"(45.6446435, 5.0100345)",45.6446435,5.0100345
61,368,11,18,Savigny-le-Temple,3 - 9,232000,0.5,0.3333333333333333,0.16666666666666666,0,NC,NC,NC,NC,NC,Savigny-le-Temple,"(48.5958681, 2.5798953)",48.5958681,2.5798953
62,373,75,20,Prahecq,3 - 9,81000,0.6666666666666666,0.3333333333333333,0,0,NC,NC,NC,NC,NC,Prahecq,"(46.2595794, -0.3466615)",46.2595794,-0.3466615
63,374,11,7,"Combs-la-Ville, Moissy-Cramayel, Lieusaint, Tigery",20 - 29,575000,0.68,0.24,0,0.08,2500,1500,0.12804970450068193,20,20,Combs-la-Ville,"(48.6646994, 2.564877)",48.6646994,2.564877
64,381,76,8,"Toulouse, Colomiers, Cornebarrieu",3 - 9,131000,0.8,0.2,0,0,NC,NC,NC,NC,NC,Toulouse,"(43.6044622, 1.4442469)",43.6044622,1.4442469
65,384,44,9,Colmar,3 - 9,145000,0.14285714285714285,0.42857142857142855,0.42857142857142855,0,NC,NC,NC,NC,NC,Colmar,"(48.0777517, 7.3579641)",48.0777517,7.3579641
66,386,32,17,"Beauvais, Allonne",3 - 9,87000,0.2857142857142857,0.2857142857142857,0.42857142857142855,0,NC,NC,NC,NC,NC,Beauvais,"(49.4300997, 2.0823355)",49.4300997,2.0823355
67,391,32,2,"Roncq, Neuville-en-Ferrain, Bondues, La Madeleine, Marcq-en-Baroeul, Mouvaux, Tourcoing, Marquette-lez-Lille, Saint-André-lez-Lille, Wambrechies, Wasquehal",20 - 29,320000,0.32142857142857145,0.2857142857142857,0.35714285714285715,0.03571428571428571,3100,900,0.0333157230805723,20,20,Roncq,"(50.7531232, 3.1209016)",50.7531232,3.1209016
68,398,44,1,"Reims, Saint-Brice-Courcelles, Tinqueux, Taissy",10 - 19,380000,0.3157894736842105,0.5263157894736842,0.10526315789473684,0.05263157894736842,1900,400,0.023026433772102867,30,30,Reims,"(49.2577886, 4.031926)",49.2577886,4.031926
69,412,32,48,Saint-Amand-les-Eaux,3 - 9,23000,0,0.3333333333333333,0.6666666666666666,0,NC,NC,NC,NC,NC,Saint-Amand-les-Eaux,"(50.4491519, 3.4281142)",50.4491519,3.4281142
70,422,84,7,"Andrézieux-Bouthéon, Veauche, La Fouillouse, Saint-Bonnet-les-Oules",10 - 19,295000,0.45454545454545453,0.09090909090909091,0.45454545454545453,0,900,500,0.06512984307735037,10,10,Andrézieux-Bouthéon,"(45.5250887, 4.2594811)",45.5250887,4.2594811
71,433,44,10,"Ottmarsheim, Hombourg",3 - 9,137000,0.42857142857142855,0.42857142857142855,0.14285714285714285,0,NC,NC,NC,NC,NC,Ottmarsheim,"(47.7888815, 7.5094906)",47.7888815,7.5094906
72,436,53,2,"Châteaubourg, Brécé, Noyal-sur-Vilaine, Servon-sur-Vilaine",3 - 9,74000,0.42857142857142855,0.2857142857142857,0.2857142857142857,0,NC,NC,NC,NC,NC,Châteaubourg,"(48.1108554, -1.3982411)",48.1108554,-1.3982411
73,446,11,33,Tournan-en-Brie,3 - 9,76000,0,0.6666666666666666,0.3333333333333333,0,NC,NC,NC,NC,NC,Tournan-en-Brie,"(48.7403305, 2.7645642)",48.7403305,2.7645642
74,453,32,49,"Épaux-Bézu, Château-Thierry",3 - 9,162000,0.6666666666666666,0,0.3333333333333333,0,NC,NC,NC,NC,NC,Épaux-Bézu,"(49.1091667, 3.3483333)",49.1091667,3.3483333
75,459,27,10,"Avallon, Étaule",3 - 9,69000,0,0.6666666666666666,0.3333333333333333,0,NC,NC,NC,NC,NC,Avallon,"(47.4885365, 3.9070658)",47.4885365,3.9070658
76,470,11,12,"Brétigny-sur-Orge, Saint-Germain-lès-Arpajon, Marolles-en-Hurepoix",10 - 19,292000,0.5454545454545454,0.2727272727272727,0,0.18181818181818182,1200,700,0.10696629213483146,10,10,Brétigny-sur-Orge,"(48.6099887, 2.3075288)",48.6099887,2.3075288
77,476,44,16,Gondreville,3 - 9,66000,0.2,0.6,0,0.2,NC,NC,NC,NC,NC,Gondreville,"(49.2162403, 2.9549603)",49.2162403,2.9549603
78,479,53,14,Liffré,3 - 9,43000,0,0.3333333333333333,0.6666666666666666,0,NC,NC,NC,NC,NC,Liffré,"(48.2145992, -1.5059748)",48.2145992,-1.5059748
79,492,93,4,Saint-Martin-de-Crau,10 - 19,287000,0.45454545454545453,0.36363636363636365,0.09090909090909091,0.09090909090909091,1000,500,0.22675631810804545,10,10,Saint-Martin-de-Crau,"(43.6384838, 4.8111564)",43.6384838,4.8111564
80,493,44,19,"Éloyes, Saint-Nabord",3 - 9,58000,0,0,0.75,0.25,NC,NC,NC,NC,NC,Éloyes,"(48.0926885, 6.6112215)",48.0926885,6.6112215
81,495,32,14,Loon-Plage,3 - 9,389000,0.875,0.125,0,0,NC,NC,NC,NC,NC,Loon-Plage,"(50.9946103, 2.2192457)",50.9946103,2.2192457
82,496,84,37,"Genay, Neuville-sur-Saône",3 - 9,51000,0.3333333333333333,0,0.6666666666666666,0,NC,NC,NC,NC,NC,Genay,"(47.52545, 4.29711)",47.52545,4.29711
83,499,53,15,Lanester,3 - 9,20000,0.3333333333333333,0.3333333333333333,0,0.3333333333333333,NC,NC,NC,NC,NC,Lanester,"(47.7639726, -3.3444489)",47.7639726,-3.3444489
84,502,32,21,Lille,3 - 9,96000,0.3333333333333333,0.5,0.16666666666666666,0,NC,NC,NC,NC,NC,Lille,"(50.6365654, 3.0635282)",50.6365654,3.0635282
85,519,32,6,"Lauwin-Planque, Flers-en-Escrebieux, Cuincy, Auby",10 - 19,366000,0.4,0.3,0.2,0.1,1000,600,0.08531229668184775,10,10,Lauwin-Planque,"(50.3906656, 3.0462262)",50.3906656,3.0462262
86,520,32,50,"Valenciennes, Trith-Saint-Léger",3 - 9,75000,0.6666666666666666,0,0.3333333333333333,0,NC,NC,NC,NC,NC,Valenciennes,"(50.3579317, 3.5234846)",50.3579317,3.5234846
87,523,75,21,"Thouars, Louzy",3 - 9,55000,0.3333333333333333,0,0.6666666666666666,0,NC,NC,NC,NC,NC,Thouars,"(46.983202750000004, -0.2057893552874009)",46.983202750000004,-0.2057893552874009
88,524,11,2,"Vitry-sur-Seine, Bonneuil-sur-Marne, Alfortville, Créteil, Paris, Ivry-sur-Seine, Limeil-Brévannes, Sucy-en-Brie, Villeneuve-Saint-Georges, Rosny-sous-Bois, Boissy-Saint-Léger, Valenton, Villejuif",30 - 39,677000,0.3333333333333333,0.5,0.1111111111111111,0.05555555555555555,5100,1100,0.02457168511554485,50,50,Vitry-sur-Seine,"(48.7876, 2.39164)",48.7876,2.39164
89,536,28,2,"Val-de-Reuil, Louviers, Le Vaudreuil, Heudebouville, Incarville, Vironvay",10 - 19,241000,0.38461538461538464,0.15384615384615385,0.38461538461538464,0.07692307692307693,1200,600,0.06413350449293967,10,10,Val-de-Reuil,"(49.2716839, 1.2128992)",49.2716839,1.2128992
90,537,44,20,"Golbey, Chavelot",3 - 9,66000,0.5,0,0.5,0,NC,NC,NC,NC,NC,Golbey,"(48.1955731, 6.4364631)",48.1955731,6.4364631
91,541,76,14,Aimargues,3 - 9,27000,0,0.3333333333333333,0.6666666666666666,0,NC,NC,NC,NC,NC,Aimargues,"(43.683958, 4.2095204)",43.683958,4.2095204
92,543,24,3,"Chartres, Gellainville",10 - 19,241000,0.6,0.1,0.2,0.1,800,200,0.027733503347146957,20,20,Chartres,"(48.4438601, 1.4881434)",48.4438601,1.4881434
93,554,44,11,"Woippy, Metz, La Maxe",3 - 9,252000,0.7142857142857143,0.14285714285714285,0.14285714285714285,0,NC,NC,NC,NC,NC,Woippy,"(49.1515848, 6.1519224)",49.1515848,6.1519224
94,555,11,34,Châtres Île de France,3 - 9,113000,0.6666666666666666,0.3333333333333333,0,0,NC,NC,NC,NC,NC,Châtres Île de France,"(48.7089097, 2.8095273)",48.7089097,2.8095273
95,558,32,29,Hénin-Beaumont,3 - 9,172000,0.4,0.2,0.2,0.2,NC,NC,NC,NC,NC,Hénin-Beaumont,"(50.4191721, 2.9469339)",50.4191721,2.9469339
96,563,32,30,"Brebières, Courchelettes, Corbehem",3 - 9,110000,0.4,0,0.4,0.2,NC,NC,NC,NC,NC,Brebières,"(50.3372093, 3.0224298)",50.3372093,3.0224298
97,564,44,21,Saint-Avold,3 - 9,45000,0.5,0,0.25,0.25,NC,NC,NC,NC,NC,Saint-Avold,"(49.1043397, 6.7071754)",49.1043397,6.7071754
98,569,84,38,Riom,3 - 9,80000,0.6666666666666666,0,0,0.3333333333333333,NC,NC,NC,NC,NC,Riom,"(45.893068, 3.1136667)",45.893068,3.1136667
99,570,32,4,"Gauchy, Saint-Quentin, Morcourt",10 - 19,184000,0.18181818181818182,0.09090909090909091,0.45454545454545453,0.2727272727272727,1000,400,0.04031660623074824,20,20,Gauchy,"(49.825, 3.2705556)",49.825,3.2705556
100,574,11,20,"Mitry-Mory, Tremblay-en-France",3 - 9,47000,0.2,0,0.2,0.6,NC,NC,NC,NC,NC,Mitry-Mory,"(48.9839674, 2.6183971)",48.9839674,2.6183971
101,577,28,5,"Saint-Étienne-du-Rouvray, Amfreville-la-Mi-Voie, Sotteville-lès-Rouen",10 - 19,131000,0.36363636363636365,0.18181818181818182,0.45454545454545453,0,1100,300,0.04287171119722619,20,20,Saint-Étienne-du-Rouvray,"(49.3831, 1.09163)",49.3831,1.09163
102,578,32,7,"Tourcoing, Wattrelos, Roubaix",10 - 19,195000,0.1,0.7,0,0.2,2200,900,0.03125485488312972,10,10,Tourcoing,"(50.7235038, 3.1605714)",50.7235038,3.1605714
103,591,24,12,Mer Centre-Val de Loire,3 - 9,119000,0.4,0.4,0.2,0,NC,NC,NC,NC,NC,Mer Centre-Val de Loire,"(47.7083642, 1.5062706)",47.7083642,1.5062706
104,595,28,9,Argentan,3 - 9,64000,0.5,0.3333333333333333,0.16666666666666666,0,NC,NC,NC,NC,NC,Argentan,"(48.74289, -0.0223386)",48.74289,-0.0223386
105,600,27,4,"Longvic, Chenôve, Marsannay-la-Côte",3 - 9,129000,0.625,0.25,0.125,0,NC,NC,NC,NC,NC,Longvic,"(47.2841003, 5.0574798)",47.2841003,5.0574798
106,615,32,38,"Saint-Laurent-Blangy, Tilloy-lès-Mofflaines",3 - 9,96000,0.75,0.25,0,0,NC,NC,NC,NC,NC,Saint-Laurent-Blangy,"(50.2993922, 2.8016229)",50.2993922,2.8016229
107,616,44,12,"Ludres, Fléville-devant-Nancy",3 - 9,109000,0.3333333333333333,0.3333333333333333,0.3333333333333333,0,NC,NC,NC,NC,NC,Ludres,"(48.6217058, 6.1609279)",48.6217058,6.1609279
108,618,32,15,Longueil-Sainte-Marie,3 - 9,330000,0.625,0.25,0.125,0,NC,NC,NC,NC,NC,Longueil-Sainte-Marie,"(49.3576636, 2.7176908)",49.3576636,2.7176908
109,620,32,31,Onnaing,3 - 9,342000,0.4,0.2,0.4,0,NC,NC,NC,NC,NC,Onnaing,"(50.3870769, 3.6011231)",50.3870769,3.6011231
110,641,11,17,"Maurepas, Coignières",3 - 9,147000,0,0.5714285714285714,0,0.42857142857142855,NC,NC,NC,NC,NC,Maurepas,"(49.9905624, 2.8478956)",49.9905624,2.8478956
111,651,24,13,Malesherbes,3 - 9,62000,0.2,0.4,0.4,0,NC,NC,NC,NC,NC,Malesherbes,"(48.2865494, 2.3972819567297945)",48.2865494,2.3972819567297945
112,657,11,21,Bruyères-sur-Oise,3 - 9,172000,0.4,0.6,0,0,NC,NC,NC,NC,NC,Bruyères-sur-Oise,"(49.1573165, 2.3301301)",49.1573165,2.3301301
113,662,24,19,"Boigny-sur-Bionne, Saint-Jean-de-Braye",3 - 9,126000,0.25,0.25,0.5,0,NC,NC,NC,NC,NC,Boigny-sur-Bionne,"(47.9231036, 2.0078601)",47.9231036,2.0078601
114,668,32,9,"Lagny-le-Sec, Le Plessis-Belleville, Silly-le-Long",3 - 9,372000,0.3333333333333333,0.4444444444444444,0.1111111111111111,0.1111111111111111,NC,NC,NC,NC,NC,Lagny-le-Sec,"(49.0859622, 2.7442236)",49.0859622,2.7442236
115,669,44,13,Bussy-Lettrée,3 - 9,188000,0.8333333333333334,0,0.16666666666666666,0,NC,NC,NC,NC,NC,Bussy-Lettrée,"(48.80464, 4.25947)",48.80464,4.25947
116,678,11,8,"Bondoufle, Fleury-Mérogis, Le Plessis-Pâté, Sainte-Geneviève-des-Bois, Brétigny-sur-Orge, Saint-Michel-sur-Orge",20 - 29,336000,0.43478260869565216,0.4782608695652174,0,0.08695652173913043,2700,1200,0.07384842358341075,20,20,Bondoufle,"(48.6137157, 2.3805119)",48.6137157,2.3805119
117,691,32,10,"Seclin, Noyelles-lès-Seclin",3 - 9,106000,0.2222222222222222,0.2222222222222222,0.3333333333333333,0.2222222222222222,NC,NC,NC,NC,NC,Seclin,"(50.5452102, 3.0252819)",50.5452102,3.0252819
118,693,75,11,"Artix, Noguères, Pardies",3 - 9,29000,0.25,0,0.75,0,NC,NC,NC,NC,NC,Artix,"(43.397429, -0.5722401)",43.397429,-0.5722401
119,702,32,22,"Vendin-le-Vieil, Lens",3 - 9,130000,0.5,0.5,0,0,NC,NC,NC,NC,NC,Vendin-le-Vieil,"(50.4756482, 2.8671553)",50.4756482,2.8671553
120,706,75,22,"Le Lardin-Saint-Lazare, La Bachellerie",3 - 9,73000,0.6666666666666666,0,0,0.3333333333333333,NC,NC,NC,NC,NC,Le Lardin-Saint-Lazare,"(45.1287746, 1.2273602)",45.1287746,1.2273602
121,722,27,5,"Auxerre, Monéteau",3 - 9,89000,0.5,0.16666666666666666,0.16666666666666666,0.16666666666666666,NC,NC,NC,NC,NC,Auxerre,"(47.7961287, 3.570579)",47.7961287,3.570579
122,724,84,24,"Grigny, Montagny",3 - 9,42000,0.25,0.25,0.5,0,NC,NC,NC,NC,NC,Grigny,"(50.3856239, 2.065831)",50.3856239,2.065831
123,725,27,6,Besançon,3 - 9,123000,0.16666666666666666,0.3333333333333333,0.3333333333333333,0.16666666666666666,NC,NC,NC,NC,NC,Besançon,"(47.2380222, 6.0243622)",47.2380222,6.0243622
124,728,75,12,Limoges,3 - 9,82000,0.5,0.25,0.25,0,NC,NC,NC,NC,NC,Limoges,"(45.8354243, 1.2644847)",45.8354243,1.2644847
125,731,93,6,Aix-en-Provence,3 - 9,97000,0.7142857142857143,0.14285714285714285,0,0.14285714285714285,NC,NC,NC,NC,NC,Aix-en-Provence,"(43.5298424, 5.4474738)",43.5298424,5.4474738
126,732,84,18,"Saint-Laurent-de-Mure, Colombier-Saugnieu",3 - 9,94000,0.6,0.4,0,0,NC,NC,NC,NC,NC,Saint-Laurent-de-Mure,"(45.6872816, 5.0461188)",45.6872816,5.0461188
127,739,75,23,"Mont-de-Marsan, Saint-Avit",3 - 9,94000,0,0.6666666666666666,0.3333333333333333,0,NC,NC,NC,NC,NC,Mont-de-Marsan,"(43.8911318, -0.500972)",43.8911318,-0.500972
128,749,24,8,"Bourges, La Chapelle-Saint-Ursin, Le Subdray",3 - 9,132000,0.3333333333333333,0.16666666666666666,0.5,0,NC,NC,NC,NC,NC,Bourges,"(47.0811658, 2.399125)",47.0811658,2.399125
129,751,44,22,"Huningue, Village-Neuf",3 - 9,28000,0.25,0,0.75,0,NC,NC,NC,NC,NC,Huningue,"(47.5941514, 7.5794613)",47.5941514,7.5794613
130,753,32,51,Itancourt,3 - 9,50000,0.3333333333333333,0,0.6666666666666666,0,NC,NC,NC,NC,NC,Itancourt,"(49.8075, 3.3458333)",49.8075,3.3458333
131,764,28,3,"Le Havre, Gonfreville-l'Orcher",10 - 19,317000,0.6923076923076923,0.07692307692307693,0.23076923076923078,0,4900,400,0.06741386237375487,100,100,Le Havre,"(49.4938975, 0.1079732)",49.4938975,0.1079732
132,774,52,17,Montrevault,3 - 9,76000,0.25,0.5,0,0.25,NC,NC,NC,NC,NC,Montrevault,"(47.2574172, -1.0490777295677982)",47.2574172,-1.0490777295677982
133,778,32,23,"Verneuil-en-Halatte, Nogent-sur-Oise",3 - 9,151000,0,0.6666666666666666,0.3333333333333333,0,NC,NC,NC,NC,NC,Verneuil-en-Halatte,"(49.273664, 2.5188916)",49.273664,2.5188916
134,783,24,20,Joué-lès-Tours,3 - 9,52000,0,0.5,0.25,0.25,NC,NC,NC,NC,NC,Joué-lès-Tours,"(47.3511161, 0.6622353)",47.3511161,0.6622353
135,786,53,16,Rosporden,3 - 9,39000,0,0,1,0,NC,NC,NC,NC,NC,Rosporden,"(47.9592684, -3.8278459)",47.9592684,-3.8278459
136,796,24,9,"Châlette-sur-Loing, Pannes",3 - 9,133000,0.3333333333333333,0.5,0.16666666666666666,0,NC,NC,NC,NC,NC,Châlette-sur-Loing,"(48.021751800000004, 2.738158032225153)",48.021751800000004,2.738158032225153
137,809,75,7,Cestas,3 - 9,90000,0,0.6,0.4,0,NC,NC,NC,NC,NC,Cestas,"(44.7411574, -0.6841225)",44.7411574,-0.6841225
138,810,76,15,"Canals, Grisolles",3 - 9,45000,0.3333333333333333,0.6666666666666666,0,0,NC,NC,NC,NC,NC,Canals,"(43.8525, 1.2927778)",43.8525,1.2927778
139,811,53,4,"Landerneau, Plouédern, Pencran, Ploudaniel",3 - 9,44000,0.16666666666666666,0.8333333333333334,0,0,NC,NC,NC,NC,NC,Landerneau,"(48.4514803, -4.2557901)",48.4514803,-4.2557901
140,812,84,6,"Saint-Priest, Genas, Saint-Bonnet-de-Mure, Chassieu",10 - 19,167000,0.16666666666666666,0.5833333333333334,0.08333333333333333,0.16666666666666666,3400,300,0.05956307745445125,20,20,Saint-Priest,"(44.7177, 4.54685)",44.7177,4.54685
141,821,84,39,Saint-Rambert-d'Albon,3 - 9,66000,0.6666666666666666,0,0.3333333333333333,0,NC,NC,NC,NC,NC,Saint-Rambert-d'Albon,"(45.29202, 4.8147808)",45.29202,4.8147808
142,831,27,9,"Étupes, Fesches-le-Châtel",3 - 9,75000,0.75,0.25,0,0,NC,NC,NC,NC,NC,Étupes,"(47.507832, 6.8617959)",47.507832,6.8617959
143,832,27,11,Fontaine,3 - 9,25000,0.6666666666666666,0,0.3333333333333333,0,NC,NC,NC,NC,NC,Fontaine,"(45.1950183, 5.6869624)",45.1950183,5.6869624
144,839,44,23,"Cernay, Vieux-Thann",3 - 9,58000,0.25,0.25,0.5,0,NC,NC,NC,NC,NC,Cernay,"(49.0211111, 0.325)",49.0211111,0.325
145,840,11,35,"Vaux-le-Pénil, Melun",3 - 9,42000,0,0.3333333333333333,0.6666666666666666,0,NC,NC,NC,NC,NC,Vaux-le-Pénil,"(48.5255542, 2.6831642)",48.5255542,2.6831642
146,844,52,5,"Laval, Bonchamp-lès-Laval, Changé, Louverné",3 - 9,84000,0.42857142857142855,0.14285714285714285,0.42857142857142855,0,NC,NC,NC,NC,NC,Laval,"(48.0706687, -0.7734022)",48.0706687,-0.7734022
147,848,44,34,"Sausheim, Illzach",3 - 9,33000,0.3333333333333333,0.3333333333333333,0.3333333333333333,0,NC,NC,NC,NC,NC,Sausheim,"(47.787994, 7.3720907)",47.787994,7.3720907
148,856,53,17,"Mellac, Quimperlé",3 - 9,27000,0.6666666666666666,0,0.3333333333333333,0,NC,NC,NC,NC,NC,Mellac,"(47.903995, -3.5775882)",47.903995,-3.5775882
149,862,11,26,Le Coudray-Montceaux,3 - 9,100000,1,0,0,0,NC,NC,NC,NC,NC,Le Coudray-Montceaux,"(48.5653177, 2.4855792)",48.5653177,2.4855792
150,870,24,1,"Ormes Centre Val de Loire, Saran, Ingré, Gidy",20 - 29,589000,0.7,0.2,0.05,0.05,2800,1900,0.1288525638098717,30,30,Ormes Centre Val de Loire,"(47.9418133, 1.8182308)",47.9418133,1.8182308
151,873,84,8,"Meyzieu, Jonage",10 - 19,115000,0.2,0.3,0.5,0,900,200,0.06552901023890785,10,NC,Meyzieu,"(45.7764637, 5.0044767)",45.7764637,5.0044767
152,888,32,24,"La Chapelle-d'Armentières, Bois-Grenier",3 - 9,137000,0.16666666666666666,0.8333333333333334,0,0,NC,NC,NC,NC,NC,La Chapelle-d'Armentières,"(50.6727867, 2.8965721)",50.6727867,2.8965721
153,903,84,25,"Riorges, Mably",3 - 9,59000,0.25,0.5,0.25,0,NC,NC,NC,NC,NC,Riorges,"(46.0437504, 4.0337193)",46.0437504,4.0337193
154,915,44,3,"Troyes, La Chapelle-Saint-Luc, Torvilliers, Barberey-Saint-Sulpice, La Rivière-de-Corps",10 - 19,213000,0.2857142857142857,0,0.5714285714285714,0.14285714285714285,1100,600,0.028895431250681496,10,10,Troyes,"(48.2971626, 4.0746257)",48.2971626,4.0746257
155,917,32,32,"Saint-Laurent-Blangy, Athies",3 - 9,56000,0.4,0.4,0.2,0,NC,NC,NC,NC,NC,Saint-Laurent-Blangy,"(50.2993922, 2.8016229)",50.2993922,2.8016229
156,935,52,21,Mayenne,3 - 9,18000,0,0,1,0,NC,NC,NC,NC,NC,Mayenne,"(48.1507819, -0.6491273812007092)",48.1507819,-0.6491273812007092
157,937,75,13,La Rochelle,3 - 9,31000,0.5,0.25,0,0.25,NC,NC,NC,NC,NC,La Rochelle,"(46.1591126, -1.1520434)",46.1591126,-1.1520434
158,939,84,19,Cournon-d'Auvergne,3 - 9,66000,0.4,0.6,0,0,NC,NC,NC,NC,NC,Cournon-d'Auvergne,"(45.7392306, 3.1962804)",45.7392306,3.1962804
159,941,44,5,Strasbourg,10 - 19,170000,0.5454545454545454,0.2727272727272727,0.18181818181818182,0,2700,400,0.01919764932481354,40,40,Strasbourg,"(48.584614, 7.7507127)",48.584614,7.7507127
160,944,11,14,Trappes,3 - 9,249000,0.5555555555555556,0.4444444444444444,0,0,NC,NC,NC,NC,NC,Trappes,"(48.7760957, 1.9988356)",48.7760957,1.9988356
161,947,76,9,Nîmes,3 - 9,75000,0.2,0.8,0,0,NC,NC,NC,NC,NC,Nîmes,"(43.8374249, 4.3600687)",43.8374249,4.3600687
162,948,24,6,"Saint-Pierre-des-Corps, Tours, La Ville-aux-Dames",3 - 9,80000,0.2857142857142857,0.42857142857142855,0.2857142857142857,0,NC,NC,NC,NC,NC,Saint-Pierre-des-Corps,"(47.3898152, 0.7189761)",47.3898152,0.7189761
163,949,44,35,"Duppigheim, Duttlenheim",3 - 9,60000,0.3333333333333333,0.3333333333333333,0.3333333333333333,0,NC,NC,NC,NC,NC,Duppigheim,"(48.5281292, 7.5894588)",48.5281292,7.5894588
164,961,32,33,"Méru, Amblainville",3 - 9,95000,0.2,0.4,0.4,0,NC,NC,NC,NC,NC,Méru,"(49.2361978, 2.1355087)",49.2361978,2.1355087
165,977,44,4,"Ennery, Flévy, Trémery",10 - 19,274000,0.46153846153846156,0.38461538461538464,0.15384615384615385,0,1100,600,0.15535739166782778,10,10,Ennery,"(49.2256191, 6.2197994)",49.2256191,6.2197994
166,1018,84,3,"Saint-Fons, Vénissieux, Lyon, Saint-Genis-Laval, Irigny, La Mulatière, Feyzin",10 - 19,376000,0.21052631578947367,0.3684210526315789,0.42105263157894735,0,2600,900,0.049149553444450766,20,20,Saint-Fons,"(45.7001, 4.84935)",45.7001,4.84935
167,1020,93,11,Salon-de-Provence,3 - 9,128000,0.5,0.5,0,0,NC,NC,NC,NC,NC,Salon-de-Provence,"(43.6405237, 5.0980225)",43.6405237,5.0980225
168,1022,24,14,Dreux,3 - 9,35000,0.6,0,0.2,0.2,NC,NC,NC,NC,NC,Dreux,"(48.7358807, 1.3684254)",48.7358807,1.3684254
169,1032,24,25,Briare,3 - 9,37000,0.3333333333333333,0.3333333333333333,0.3333333333333333,0,NC,NC,NC,NC,NC,Briare,"(47.6410716, 2.7413128)",47.6410716,2.7413128
170,1033,32,39,"Angres, Bully-les-Mines, Liévin",3 - 9,58000,0.5,0.25,0.25,0,NC,NC,NC,NC,NC,Angres,"(50.4091556, 2.7561083)",50.4091556,2.7561083
171,1034,32,40,"Glisy, Boves",3 - 9,69000,0.25,0.5,0.25,0,NC,NC,NC,NC,NC,Glisy,"(49.8772863, 2.3967217)",49.8772863,2.3967217
172,1041,32,25,Béthune,3 - 9,117000,0.3333333333333333,0.16666666666666666,0.3333333333333333,0.16666666666666666,NC,NC,NC,NC,NC,Béthune,"(50.5292608, 2.6402097)",50.5292608,2.6402097
173,1064,75,24,Cestas,3 - 9,114000,0.3333333333333333,0.6666666666666666,0,0,NC,NC,NC,NC,NC,Cestas,"(44.7411574, -0.6841225)",44.7411574,-0.6841225
174,1068,75,25,"Saint-Sever, Aurice",3 - 9,41000,0.6666666666666666,0,0.3333333333333333,0,NC,NC,NC,NC,NC,Saint-Sever,"(43.757456, -0.574187)",43.757456,-0.574187
175,1078,52,8,Le Mans,3 - 9,133000,0.16666666666666666,0.6666666666666666,0.16666666666666666,0,NC,NC,NC,NC,NC,Le Mans,"(48.0073849, 0.1967849)",48.0073849,0.1967849
176,1084,27,1,Mâcon,10 - 19,172000,0.38461538461538464,0.3076923076923077,0.15384615384615385,0.15384615384615385,800,400,0.03188429958737965,20,20,Mâcon,"(46.3036683, 4.8322266)",46.3036683,4.8322266
177,1086,53,18,Le Rheu,3 - 9,98000,0.3333333333333333,0.6666666666666666,0,0,NC,NC,NC,NC,NC,Le Rheu,"(48.1006715, -1.7937675)",48.1006715,-1.7937675
178,1097,84,11,"Annecy, Argonay, Cran-Gevrier, Pringy, Seynod",3 - 9,89000,0.25,0.25,0.375,0.125,NC,NC,NC,NC,NC,Annecy,"(45.8992348, 6.1288847)",45.8992348,6.1288847
179,1121,76,1,"Castelnau-d'Estrétefonds, Villeneuve-lès-Bouloc",10 - 19,292000,0.46153846153846156,0.46153846153846156,0,0.07692307692307693,800,600,0.1904014352993945,10,10,Castelnau-d'Estrétefonds,"(43.78251, 1.3590892)",43.78251,1.3590892
180,1123,27,12,Sevrey,3 - 9,44000,0.6666666666666666,0,0.3333333333333333,0,NC,NC,NC,NC,NC,Sevrey,"(46.7382911, 4.840874)",46.7382911,4.840874
181,1127,52,9,"Cholet, La Séguinière",3 - 9,248000,0.5,0.16666666666666666,0.16666666666666666,0.16666666666666666,NC,NC,NC,NC,NC,Cholet,"(47.0617293, -0.8801349)",47.0617293,-0.8801349
182,1140,24,15,"Montierchaume, Déols",3 - 9,81000,0.4,0.2,0.4,0,NC,NC,NC,NC,NC,Montierchaume,"(46.8639828, 1.7716348)",46.8639828,1.7716348
183,1147,93,1,"Grans, Miramas",10 - 19,483000,0.8333333333333334,0.1111111111111111,0.05555555555555555,0,900,500,0.14224683544303798,20,20,Grans,"(43.606758, 5.063379)",43.606758,5.063379
184,1152,11,27,Châtres,3 - 9,170000,1,0,0,0,NC,NC,NC,NC,NC,Châtres,"(45.18516, 1.19692)",45.18516,1.19692
185,1153,84,26,"La Boisse, Dagneux",3 - 9,33000,0.5,0.25,0.25,0,NC,NC,NC,NC,NC,La Boisse,"(45.8416901, 5.0328806)",45.8416901,5.0328806
186,1158,28,1,"Le Grand-Quevilly, Rouen, Canteleu, Le Petit-Quevilly",10 - 19,284000,0.42857142857142855,0.42857142857142855,0.14285714285714285,0,1700,500,0.01688023408334174,80,80,Le Grand-Quevilly,"(49.4068986, 1.0507926)",49.4068986,1.0507926
187,1171,76,11,Sète,3 - 9,87000,0.5,0.25,0,0.25,NC,NC,NC,NC,NC,Sète,"(43.4014434, 3.6959771)",43.4014434,3.6959771
188,1173,32,26,Dourges,3 - 9,167000,0.6666666666666666,0.3333333333333333,0,0,NC,NC,NC,NC,NC,Dourges,"(50.4340484, 2.9844016)",50.4340484,2.9844016
189,1179,11,9,"Compans, Mitry-Mory",20 - 29,402000,0.55,0.3,0.1,0.05,1500,800,0.14534940703714594,20,20,Compans,"(48.9936994, 2.6623623)",48.9936994,2.6623623
190,1183,75,26,"Châteaubernard, Cognac, Merpins",3 - 9,31000,0,0,0.6666666666666666,0.3333333333333333,NC,NC,NC,NC,NC,Châteaubernard,"(45.6738081, -0.3151879)",45.6738081,-0.3151879
191,1188,27,13,"Moirans-en-Montagne, Lavans-lès-Saint-Claude",3 - 9,44000,0.3333333333333333,0,0.6666666666666666,0,NC,NC,NC,NC,NC,Moirans-en-Montagne,"(46.431063, 5.7255731)",46.431063,5.7255731
192,1192,84,40,La Voulte-sur-Rhône,3 - 9,51000,0,0,0.3333333333333333,0.6666666666666666,NC,NC,NC,NC,NC,La Voulte-sur-Rhône,"(44.8000756, 4.7813846)",44.8000756,4.7813846
193,1197,28,6,"Saint-Vigor-d'Ymonville, Sandouville",10 - 19,298000,0.7272727272727273,0,0.2727272727272727,0,700,300,0.10302091402013942,10,10,Saint-Vigor-d'Ymonville,"(49.49563, 0.3599616)",49.49563,0.3599616
194,1203,32,34,"Tilloy-lez-Cambrai, Raillencourt-Sainte-Olle, Sailly-lez-Cambrai",3 - 9,132000,0.4,0.4,0.2,0,NC,NC,NC,NC,NC,Tilloy-lez-Cambrai,"(50.1970157, 3.2209687)",50.1970157,3.2209687
195,1223,52,6,Saint-Aignan-Grandlieu,3 - 9,236000,0.2857142857142857,0.5714285714285714,0.14285714285714285,0,NC,NC,NC,NC,NC,Saint-Aignan-Grandlieu,"(47.1224436, -1.6345992)",47.1224436,-1.6345992
196,1233,24,10,Châteauroux,3 - 9,117000,0.3333333333333333,0.16666666666666666,0.3333333333333333,0.16666666666666666,NC,NC,NC,NC,NC,Châteauroux,"(46.8203785, 1.6770956)",46.8203785,1.6770956
197,1238,44,36,"Fegersheim, Illkirch-Graffenstaden, Lipsheim",3 - 9,24000,0,0.3333333333333333,0.6666666666666666,0,NC,NC,NC,NC,NC,Fegersheim,"(48.4897313, 7.6798031)",48.4897313,7.6798031
198,1254,84,12,"Échirolles, Grenoble, Eybens",3 - 9,62000,0.125,0.625,0.25,0,NC,NC,NC,NC,NC,Échirolles,"(45.1437, 5.71927)",45.1437,5.71927
199,1258,28,10,"Grand-Couronne, Moulineaux",3 - 9,53000,1,0,0,0,NC,NC,NC,NC,NC,Grand-Couronne,"(49.3534994, 1.0043489)",49.3534994,1.0043489
200,1262,32,52,"Corbie, Aubigny",3 - 9,45000,0.3333333333333333,0,0.6666666666666666,0,NC,NC,NC,NC,NC,Corbie,"(49.9082911, 2.5110728)",49.9082911,2.5110728
201,1263,24,26,Selles-sur-Cher,3 - 9,55000,0.3333333333333333,0.6666666666666666,0,0,NC,NC,NC,NC,NC,Selles-sur-Cher,"(47.2769, 1.56301)",47.2769,1.56301
202,1265,11,36,"Bussy-Saint-Martin, Collégien, Torcy",3 - 9,33000,0,0.6666666666666666,0.3333333333333333,0,NC,NC,NC,NC,NC,Bussy-Saint-Martin,"(48.8485248, 2.6921301)",48.8485248,2.6921301
203,1277,11,4,"Saint-Ouen-l'Aumône, Éragny, Herblay, Conflans-Sainte-Honorine",30 - 39,553000,0.46875,0.28125,0.15625,0.09375,3100,1400,0.07204911386540021,20,20,Saint-Ouen-l'Aumône,"(49.044765, 2.1059841)",49.044765,2.1059841
204,1290,44,24,"Buchères, Saint-Thibault",3 - 9,80000,0.5,0.5,0,0,NC,NC,NC,NC,NC,Buchères,"(48.2357998, 4.1099922)",48.2357998,4.1099922
205,1309,53,19,Lamballe,3 - 9,16000,0,0.3333333333333333,0.3333333333333333,0.3333333333333333,NC,NC,NC,NC,NC,Lamballe,"(48.46244615, -2.516502292079859)",48.46244615,-2.516502292079859
206,1313,75,1,"Blanquefort, Bruges, Parempuyre",10 - 19,238000,0.6,0.26666666666666666,0.06666666666666667,0.06666666666666667,1100,300,0.05528985126399327,10,10,Blanquefort,"(44.9088982, -0.6300363)",44.9088982,-0.6300363
207,1314,75,4,Beychac-et-Caillau,3 - 9,77000,0.16666666666666666,0.8333333333333334,0,0,NC,NC,NC,NC,NC,Beychac-et-Caillau,"(44.86942, -0.37137)",44.86942,-0.37137
208,1320,75,2,"Saint-Loubès, Ambarès-et-Lagrave, Carbon-Blanc",3 - 9,134000,0.2222222222222222,0.4444444444444444,0.3333333333333333,0,NC,NC,NC,NC,NC,Saint-Loubès,"(44.9167311, -0.4271005)",44.9167311,-0.4271005
209,1337,32,3,"Hem, Leers, Lys-lez-Lannoy, Roubaix, Toufflers, Wasquehal, Wattrelos",10 - 19,408000,0.42105263157894735,0.21052631578947367,0.2631578947368421,0.10526315789473684,3300,1200,0.04659518488131949,20,20,Hem,"(50.6540895, 3.1839429)",50.6540895,3.1839429
210,1347,11,19,Limay,3 - 9,96000,0.5,0.16666666666666666,0.3333333333333333,0,NC,NC,NC,NC,NC,Limay,"(48.9921015, 1.7353686)",48.9921015,1.7353686
211,1349,32,41,Le Meux,3 - 9,67000,0.25,0,0.5,0.25,NC,NC,NC,NC,NC,Le Meux,"(49.3669433, 2.7439069)",49.3669433,2.7439069
212,1350,44,25,La Veuve,3 - 9,61000,0.5,0.5,0,0,NC,NC,NC,NC,NC,La Veuve,"(49.0306202, 4.3161662)",49.0306202,4.3161662
213,1361,44,26,"Saint-Dizier, Bettancourt-la-Ferrée",3 - 9,48000,0.75,0,0.25,0,NC,NC,NC,NC,NC,Saint-Dizier,"(48.6371125, 4.9473513)",48.6371125,4.9473513
214,1374,76,4,"Saint-Alban, Bruguières, Lespinasse, Saint-Jory",3 - 9,52000,0.5714285714285714,0.2857142857142857,0,0.14285714285714285,NC,NC,NC,NC,NC,Saint-Alban,"(43.6923207, 1.4135768)",43.6923207,1.4135768
215,1402,52,18,Les Herbiers,3 - 9,51000,0,0,0.75,0.25,NC,NC,NC,NC,NC,Les Herbiers,"(46.8714322, -1.0150302)",46.8714322,-1.0150302
216,1413,32,11,"Feignies, Maubeuge, Hautmont, Louvroil",3 - 9,286000,0.2222222222222222,0,0.6666666666666666,0.1111111111111111,NC,NC,NC,NC,NC,Feignies,"(50.2954202, 3.914409)",50.2954202,3.914409
217,1420,44,27,Champigneulles,3 - 9,71000,0,0.5,0.25,0.25,NC,NC,NC,NC,NC,Champigneulles,"(48.7342216, 6.1651167)",48.7342216,6.1651167
218,1433,84,41,Colombier-Saugnieu,3 - 9,29000,1,0,0,0,NC,NC,NC,NC,NC,Colombier-Saugnieu,"(45.7113787, 5.1119241)",45.7113787,5.1119241
219,1440,32,53,Moreuil,3 - 9,76000,0,0,0.3333333333333333,0.6666666666666666,NC,NC,NC,NC,NC,Moreuil,"(49.7705466, 2.486822)",49.7705466,2.486822
220,1452,24,2,"Meung-sur-Loire, Baule",10 - 19,272000,0.45454545454545453,0.45454545454545453,0.09090909090909091,0,400,300,0.11536388140161725,NC,NC,Meung-sur-Loire,"(47.8268972, 1.6968055)",47.8268972,1.6968055
221,1456,27,14,"Dijon, Saint-Apollinaire",3 - 9,28000,0,0.6666666666666666,0.3333333333333333,0,NC,NC,NC,NC,NC,Dijon,"(47.3215806, 5.0414701)",47.3215806,5.0414701
222,1459,28,16,Honfleur,3 - 9,47000,0.3333333333333333,0.3333333333333333,0,0.3333333333333333,NC,NC,NC,NC,NC,Honfleur,"(49.4197222, 0.2338889)",49.4197222,0.2338889
223,1461,52,4,"Allonnes, Le Mans",3 - 9,135000,0.5555555555555556,0.2222222222222222,0.1111111111111111,0.1111111111111111,NC,NC,NC,NC,NC,Allonnes,"(48.3304943, 1.6561556)",48.3304943,1.6561556
224,1472,84,15,"Portes-lès-Valence, Valence",3 - 9,190000,0.16666666666666666,0.6666666666666666,0,0.16666666666666666,NC,NC,NC,NC,NC,Portes-lès-Valence,"(44.8753434, 4.8774936)",44.8753434,4.8774936
225,1496,93,7,Marseille,3 - 9,71000,0.7142857142857143,0.14285714285714285,0,0.14285714285714285,NC,NC,NC,NC,NC,Marseille,"(43.2961743, 5.3699525)",43.2961743,5.3699525
226,1504,52,7,"Nantes, Rezé, Bouguenais",3 - 9,94000,0.2857142857142857,0.5714285714285714,0.14285714285714285,0,NC,NC,NC,NC,NC,Nantes,"(47.2186371, -1.5541362)",47.2186371,-1.5541362
227,1505,76,16,"Balma, Toulouse",3 - 9,23000,0,1,0,0,NC,NC,NC,NC,NC,Balma,"(43.6112217, 1.5057917)",43.6112217,1.5057917
228,1545,24,21,"Fleury-les-Aubrais, Semoy",3 - 9,31000,0.25,0,0.5,0.25,NC,NC,NC,NC,NC,Fleury-les-Aubrais,"(47.9309156, 1.9208883)",47.9309156,1.9208883
229,1551,75,8,Rochefort,3 - 9,51000,0.6,0,0.2,0.2,NC,NC,NC,NC,NC,Rochefort,"(45.9438412, -0.9687519)",45.9438412,-0.9687519
230,1565,53,7,"Bruz, Noyal-Châtillon-sur-Seiche",3 - 9,102000,0.75,0.25,0,0,NC,NC,NC,NC,NC,Bruz,"(48.0245814, -1.7471629)",48.0245814,-1.7471629
231,1600,28,17,"Eu, Le Tréport",3 - 9,62000,0,0.3333333333333333,0.6666666666666666,0,NC,NC,NC,NC,NC,Eu,"(50.0491699, 1.4175744)",50.0491699,1.4175744
232,1615,28,18,Bourgtheroulde-Infreville,3 - 9,21000,0.3333333333333333,0.3333333333333333,0.3333333333333333,0,NC,NC,NC,NC,NC,Bourgtheroulde-Infreville,"(49.29928105, 0.8780649692233152)",49.29928105,0.8780649692233152
233,1627,44,7,"Hoerdt, Reichstett, La Wantzenau",3 - 9,137000,0.625,0.25,0.125,0,NC,NC,NC,NC,NC,Hoerdt,"(48.698517, 7.7837447)",48.698517,7.7837447
234,1631,75,27,"Le Passage, Estillac",3 - 9,27000,0.3333333333333333,0.3333333333333333,0.3333333333333333,0,NC,NC,NC,NC,NC,Le Passage,"(45.5326, 5.51253)",45.5326,5.51253
235,1633,76,17,Valence,3 - 9,57000,0.3333333333333333,0.3333333333333333,0.3333333333333333,0,NC,NC,NC,NC,NC,Valence,"(44.9332277, 4.8920811)",44.9332277,4.8920811
236,1635,44,17,"Wittenheim, Kingersheim, Richwiller",3 - 9,72000,0.2,0.6,0.2,0,NC,NC,NC,NC,NC,Wittenheim,"(47.8080799, 7.3373681)",47.8080799,7.3373681
237,1639,93,12,Martigues,3 - 9,32000,0.5,0,0.25,0.25,NC,NC,NC,NC,NC,Martigues,"(43.4057279, 5.0548176)",43.4057279,5.0548176
238,1646,76,3,Perpignan,10 - 19,79000,0.45454545454545453,0.45454545454545453,0,0.09090909090909091,1600,200,0.02694759146289366,30,30,Perpignan,"(42.6985304, 2.8953121)",42.6985304,2.8953121
239,1668,44,2,"Strasbourg, Schiltigheim",10 - 19,336000,0.25,0.5,0.25,0,3100,700,0.01892267325204507,40,40,Strasbourg,"(48.584614, 7.7507127)",48.584614,7.7507127
240,1697,32,54,Villers-Cotterêts,3 - 9,94000,0.3333333333333333,0.6666666666666666,0,0,NC,NC,NC,NC,NC,Villers-Cotterêts,"(49.2549479, 3.0909275)",49.2549479,3.0909275
241,1712,32,27,"Boulogne-sur-Mer, Outreau, Le Portel",3 - 9,119000,0.6666666666666666,0,0.3333333333333333,0,NC,NC,NC,NC,NC,Boulogne-sur-Mer,"(50.7259985, 1.6118771)",50.7259985,1.6118771
242,1736,27,7,"Beaune, Levernois, Vignoles",3 - 9,90000,0.16666666666666666,0.5,0.3333333333333333,0,NC,NC,NC,NC,NC,Beaune,"(47.0239064, 4.8380426)",47.0239064,4.8380426
243,1753,84,42,"Arbent, Oyonnax",3 - 9,50000,0.3333333333333333,0,0.6666666666666666,0,NC,NC,NC,NC,NC,Arbent,"(46.2946684, 5.680467)",46.2946684,5.680467
244,1765,44,14,Obernai,3 - 9,278000,0.3333333333333333,0.3333333333333333,0.3333333333333333,0,NC,NC,NC,NC,NC,Obernai,"(48.4623358, 7.4817123)",48.4623358,7.4817123
245,1771,32,42,Bailleul,3 - 9,45000,0.25,0,0.75,0,NC,NC,NC,NC,NC,Bailleul,"(50.7396668, 2.7349286)",50.7396668,2.7349286
246,1785,44,37,"Steinbourg, Monswiller",3 - 9,26000,0.3333333333333333,0,0.6666666666666666,0,NC,NC,NC,NC,NC,Steinbourg,"(48.7692184, 7.4133351)",48.7692184,7.4133351
247,1791,11,37,"Herblay, Beauchamp",3 - 9,18000,0.6666666666666666,0,0.3333333333333333,0,NC,NC,NC,NC,NC,Herblay,"(48.9898588, 2.166162)",48.9898588,2.166162
248,1799,32,28,Houplines,3 - 9,117000,0.5,0.3333333333333333,0.16666666666666666,0,NC,NC,NC,NC,NC,Houplines,"(50.6904589, 2.9104189)",50.6904589,2.9104189
249,1831,75,14,"Mérignac, Saint-Médard-en-Jalles",3 - 9,27000,0,0.25,0.5,0.25,NC,NC,NC,NC,NC,Mérignac,"(44.842168, -0.6469022)",44.842168,-0.6469022
250,1841,11,28,Tigery,3 - 9,55000,0.5,0.5,0,0,NC,NC,NC,NC,NC,Tigery,"(48.6396178, 2.5064593)",48.6396178,2.5064593
251,1857,84,20,"Saint-Paul-Trois-Châteaux, Pierrelatte",3 - 9,95000,0.2,0.4,0.2,0.2,NC,NC,NC,NC,NC,Saint-Paul-Trois-Châteaux,"(44.3475554, 4.7707325)",44.3475554,4.7707325
252,1867,84,14,"Chambéry, La Motte-Servolex",3 - 9,88000,0.14285714285714285,0.42857142857142855,0.42857142857142855,0,NC,NC,NC,NC,NC,Chambéry,"(45.5662672, 5.9203636)",45.5662672,5.9203636
253,1868,84,43,Belmont-Tramonet,3 - 9,32000,0.3333333333333333,0.3333333333333333,0.3333333333333333,0,NC,NC,NC,NC,NC,Belmont-Tramonet,"(45.559, 5.68265)",45.559,5.68265
254,1887,27,15,Migennes,3 - 9,59000,0,0.3333333333333333,0.6666666666666666,0,NC,NC,NC,NC,NC,Migennes,"(47.9647312, 3.5225691)",47.9647312,3.5225691
255,1889,24,22,Lucé,3 - 9,42000,0.25,0.5,0,0.25,NC,NC,NC,NC,NC,Lucé,"(48.5500968, -0.595787)",48.5500968,-0.595787
256,1896,53,8,Saint-Malo,3 - 9,79000,0.5,0.25,0.25,0,NC,NC,NC,NC,NC,Saint-Malo,"(48.649518, -2.0260409)",48.649518,-2.0260409
257,1907,27,3,"Chevigny-Saint-Sauveur, Fauverney, Quetigny",10 - 19,184000,0.3,0.1,0.6,0,800,400,0.07481769106923004,10,10,Chevigny-Saint-Sauveur,"(47.2977106, 5.1382218)",47.2977106,5.1382218
258,1908,24,27,Amilly,3 - 9,33000,0.3333333333333333,0,0.6666666666666666,0,NC,NC,NC,NC,NC,Amilly,"(48.4418021, 1.3930652)",48.4418021,1.3930652
259,1912,32,35,"Compiègne, Clairoix",3 - 9,87000,0.4,0.2,0.4,0,NC,NC,NC,NC,NC,Compiègne,"(49.4179497, 2.8263171)",49.4179497,2.8263171
260,1918,76,12,Montbartier,3 - 9,69000,0.5,0.5,0,0,NC,NC,NC,NC,NC,Montbartier,"(43.9136111, 1.2733333)",43.9136111,1.2733333
261,1925,11,38,Le Mesnil-Amelot,3 - 9,64000,0.3333333333333333,0,0.3333333333333333,0.3333333333333333,NC,NC,NC,NC,NC,Le Mesnil-Amelot,"(49.0172102, 2.5910318)",49.0172102,2.5910318
262,1955,28,12,"Aubevoye, Gaillon",3 - 9,52000,0,0,0.75,0.25,NC,NC,NC,NC,NC,Aubevoye,"(49.17721395, 1.3331944076081852)",49.17721395,1.3331944076081852
263,1956,44,38,"Haguenau, Schweighouse-sur-Moder",3 - 9,45000,0,0.3333333333333333,0.3333333333333333,0.3333333333333333,NC,NC,NC,NC,NC,Haguenau,"(48.8172236, 7.7885978)",48.8172236,7.7885978
264,1962,52,1,"Carquefou, Nantes, Sainte-Luce-sur-Loire, Thouaré-sur-Loire",20 - 29,310000,0.23809523809523808,0.47619047619047616,0.19047619047619047,0.09523809523809523,3400,1100,0.01887955613778223,20,20,Carquefou,"(47.2971979, -1.4921233)",47.2971979,-1.4921233
265,1975,93,2,"Sorgues, Le Pontet",10 - 19,154000,0.4,0.3333333333333333,0.13333333333333333,0.13333333333333333,1200,500,0.0728271669881349,10,10,Sorgues,"(44.0066403, 4.8725016)",44.0066403,4.8725016
266,1977,52,10,Cholet,3 - 9,49000,0.16666666666666666,0.16666666666666666,0.6666666666666666,0,NC,NC,NC,NC,NC,Cholet,"(47.0617293, -0.8801349)",47.0617293,-0.8801349
267,1980,84,21,Roanne,3 - 9,63000,0,0.2,0.6,0.2,NC,NC,NC,NC,NC,Roanne,"(46.0345572, 4.0729178)",46.0345572,4.0729178
268,1989,52,11,"Vertou, Basse-Goulaine, Saint-Sébastien-sur-Loire",3 - 9,53000,0.16666666666666666,0.8333333333333334,0,0,NC,NC,NC,NC,NC,Vertou,"(47.1685211, -1.4722242)",47.1685211,-1.4722242
269,1991,11,5,"Marly-la-Ville, Saint-Witz, Vémars, Survilliers, Moussy-le-Neuf",20 - 29,787000,0.41379310344827586,0.41379310344827586,0.10344827586206896,0.06896551724137931,2000,1600,0.3143314651721377,10,10,Marly-la-Ville,"(49.0823913, 2.5034402)",49.0823913,2.5034402
270,2004,11,13,"Villejust, Les Ulis, Villebon-sur-Yvette, Marcoussis",10 - 19,145000,0.4,0.4,0.2,0,1100,300,0.03580996303706467,10,10,Villejust,"(48.6823423, 2.2370177)",48.6823423,2.2370177
271,2048,84,2,"Saint-Priest, Corbas, Chaponnay, Mions, Vénissieux, Toussieu",40 - 49,591000,0.4634146341463415,0.43902439024390244,0.0975609756097561,0,5900,1400,0.07235148424250558,40,30,Saint-Priest,"(44.7177, 4.54685)",44.7177,4.54685
272,2052,76,6,"Montauban, Bressols",3 - 9,65000,0.3333333333333333,0.16666666666666666,0.16666666666666666,0.3333333333333333,NC,NC,NC,NC,NC,Montauban,"(44.0175835, 1.3549991)",44.0175835,1.3549991
273,2055,84,9,"Villeurbanne, Vaulx-en-Velin, Décines-Charpieu",10 - 19,80000,0.2,0.6,0.2,0,2100,200,0.024261541528395034,10,10,Villeurbanne,"(45.7733573, 4.8868454)",45.7733573,4.8868454
274,2101,75,15,Cestas,3 - 9,33000,0.25,0.75,0,0,NC,NC,NC,NC,NC,Cestas,"(44.7411574, -0.6841225)",44.7411574,-0.6841225
275,2107,75,16,Aytré,3 - 9,33000,0.25,0.5,0.25,0,NC,NC,NC,NC,NC,Aytré,"(46.1333325, -1.1146694)",46.1333325,-1.1146694
276,2116,32,8,"Libercourt, Carvin, Oignies",10 - 19,207000,0.8,0,0.1,0.1,1100,500,0.09941520467836257,10,10,Libercourt,"(50.4802102, 3.0105187)",50.4802102,3.0105187
277,2136,53,20,"Grâces, Ploumagoar",3 - 9,40000,0,0.6666666666666666,0.3333333333333333,0,NC,NC,NC,NC,NC,Grâces,"(48.5561462, -3.1846229)",48.5561462,-3.1846229
278,2142,28,13,Villers-Bocage,3 - 9,35000,0.25,0.25,0.5,0,NC,NC,NC,NC,NC,Villers-Bocage,"(49.9956745, 2.3141984)",49.9956745,2.3141984
279,2144,76,7,"Portet-sur-Garonne, Cugnaux",3 - 9,49000,0.16666666666666666,0,0.16666666666666666,0.6666666666666666,NC,NC,NC,NC,NC,Portet-sur-Garonne,"(43.5283006, 1.4018308)",43.5283006,1.4018308
280,2147,53,21,Landivisiau,3 - 9,27000,0,1,0,0,NC,NC,NC,NC,NC,Landivisiau,"(48.5127551, -4.0699356)",48.5127551,-4.0699356
281,2161,76,18,Saint-Jean-de-Védas,3 - 9,20000,0.6666666666666666,0.3333333333333333,0,0,NC,NC,NC,NC,NC,Saint-Jean-de-Védas,"(43.5751791, 3.8264197)",43.5751791,3.8264197
282,2184,44,39,Nogent-sur-Seine,3 - 9,40000,0.3333333333333333,0.6666666666666666,0,0,NC,NC,NC,NC,NC,Nogent-sur-Seine,"(48.492439, 3.4978181)",48.492439,3.4978181
283,2186,84,22,"Chasse-sur-Rhône, Loire-sur-Rhône, Communay",3 - 9,140000,0.6,0.2,0.2,0,NC,NC,NC,NC,NC,Chasse-sur-Rhône,"(45.5789437, 4.8114503)",45.5789437,4.8114503
284,2214,75,17,Samazan,3 - 9,24000,0,0.75,0.25,0,NC,NC,NC,NC,NC,Samazan,"(44.4337707, 0.1126384)",44.4337707,0.1126384
285,2216,75,28,"Pessac, Gradignan",3 - 9,22000,0.3333333333333333,0.6666666666666666,0,0,NC,NC,NC,NC,NC,Pessac,"(44.805615, -0.6308396)",44.805615,-0.6308396
286,2241,53,22,"Rennes, Cesson-Sévigné",3 - 9,27000,0.3333333333333333,0.3333333333333333,0,0.3333333333333333,NC,NC,NC,NC,NC,Rennes,"(48.1113387, -1.6800198)",48.1113387,-1.6800198
287,2270,93,15,"Cavaillon, Plan-d'Orgon",3 - 9,40000,0.3333333333333333,0.6666666666666666,0,0,NC,NC,NC,NC,NC,Cavaillon,"(43.8356808, 5.0383522)",43.8356808,5.0383522
288,2314,93,16,Avignon,3 - 9,26000,0,1,0,0,NC,NC,NC,NC,NC,Avignon,"(43.9492493, 4.8059012)",43.9492493,4.8059012
289,2329,84,27,"Saint-Jean-d'Ardières, Belleville",3 - 9,109000,0.25,0.5,0.25,0,NC,NC,NC,NC,NC,Saint-Jean-d'Ardières,"(46.1251695, 4.7378381)",46.1251695,4.7378381
290,2369,84,44,"Brézins, Saint-Étienne-de-Saint-Geoirs",3 - 9,70000,0,0.6666666666666666,0.3333333333333333,0,NC,NC,NC,NC,NC,Brézins,"(45.3481942, 5.3072813)",45.3481942,5.3072813
291,2416,24,7,"Blois, La Chaussée-Saint-Victor",3 - 9,112000,0.14285714285714285,0.5714285714285714,0.2857142857142857,0,NC,NC,NC,NC,NC,Blois,"(47.5876861, 1.3337639)",47.5876861,1.3337639
292,2431,53,23,Saint-Jacques-de-la-Lande,3 - 9,30000,0,1,0,0,NC,NC,NC,NC,NC,Saint-Jacques-de-la-Lande,"(48.0806436, -1.7135029)",48.0806436,-1.7135029
293,2452,11,1,"Gennevilliers, Tremblay-en-France, Aulnay-sous-Bois, Gonesse, La Courneuve, Roissy-en-France, Pantin, Le Bourget, Argenteuil, Villeneuve-la-Garenne, Le Blanc-Mesnil, Bobigny, Saint-Denis, Saint-Ouen, Bonneuil-en-France, Bondy, Drancy, Épinay-sur-Seine, Pierrefitte-sur-Seine, Rosny-sous-Bois, Bezons, Lieusaint, Carrières-sur-Seine, Sartrouville, Clichy, Levallois-Perret, Dugny, Les Lilas, Montreuil, Noisy-le-Sec, Villepinte, Garges-lès-Gonesse, Marly-la-Ville, Saint-Brice-sous-Forêt",120 - 139,2077000,0.43902439024390244,0.35772357723577236,0.08943089430894309,0.11382113821138211,21000,4200,0.029054018459934623,170,170,Gennevilliers,"(48.9254221, 2.2940122)",48.9254221,2.2940122
294,2477,93,3,"Port-Saint-Louis-du-Rhône, Fos-sur-Mer",10 - 19,178000,1,0,0,0,1700,0,0.12309160305343511,40,40,Port-Saint-Louis-du-Rhône,"(43.3890531, 4.8026354)",43.3890531,4.8026354
295,2493,75,29,Cerizay,3 - 9,22000,0,0.3333333333333333,0.6666666666666666,0,NC,NC,NC,NC,NC,Cerizay,"(46.8207452, -0.6672118)",46.8207452,-0.6672118
296,2494,52,22,La Ferrière 85280,3 - 9,102000,0,0.6666666666666666,0,0.3333333333333333,NC,NC,NC,NC,NC,La Ferrière 85280,"(46.7141667, -1.3133333)",46.7141667,-1.3133333
297,2562,11,39,Montereau-Fault-Yonne,3 - 9,90000,0.6666666666666666,0,0.3333333333333333,0,NC,NC,NC,NC,NC,Montereau-Fault-Yonne,"(48.3849647, 2.9557006)",48.3849647,2.9557006
298,2586,53,5,"Guipavas, Brest",3 - 9,82000,0.5,0.16666666666666666,0.3333333333333333,0,NC,NC,NC,NC,NC,Guipavas,"(48.4346366, -4.400979)",48.4346366,-4.400979
299,2594,52,23,Beaufort-en-Vallée,3 - 9,27000,0.3333333333333333,0.6666666666666666,0,0,NC,NC,NC,NC,NC,Beaufort-en-Vallée,"(47.43125595, -0.21245573106941965)",47.43125595,-0.21245573106941965
300,2630,52,13,"Saint-Herblain, Couëron",3 - 9,60000,0.4,0.4,0,0.2,NC,NC,NC,NC,NC,Saint-Herblain,"(47.2233007, -1.6346964)",47.2233007,-1.6346964
301,2633,75,3,"Bordeaux, Bassens, Lormont",3 - 9,80000,0.4444444444444444,0.4444444444444444,0.1111111111111111,0,NC,NC,NC,NC,NC,Bordeaux,"(44.841225, -0.5800364)",44.841225,-0.5800364
302,2649,93,13,Entraigues-sur-la-Sorgue,3 - 9,101000,0.75,0.25,0,0,NC,NC,NC,NC,NC,Entraigues-sur-la-Sorgue,"(44.0023187, 4.9272616)",44.0023187,4.9272616
303,2658,84,45,Rives,3 - 9,83000,0,0.6666666666666666,0.3333333333333333,0,NC,NC,NC,NC,NC,Rives,"(45.3501289, 5.5047411)",45.3501289,5.5047411
304,2663,84,10,Clermont-Ferrand,10 - 19,310000,0.1,0.4,0.3,0.2,2200,100,0.0239582223169562,20,20,Clermont-Ferrand,"(45.7774551, 3.0819427)",45.7774551,3.0819427
305,2675,32,55,Dunkerque,3 - 9,100000,1,0,0,0,NC,NC,NC,NC,NC,Dunkerque,"(51.0347708, 2.3772525)",51.0347708,2.3772525
306,2768,11,29,"Le Plessis-Robinson, Vélizy-Villacoublay, Clamart",3 - 9,43000,0.25,0.75,0,0,NC,NC,NC,NC,NC,Le Plessis-Robinson,"(48.7811049, 2.2619632)",48.7811049,2.2619632
307,2814,11,40,Paris,3 - 9,20000,0,0.3333333333333333,0,0.6666666666666666,NC,NC,NC,NC,NC,Paris,"(48.8588897, 2.3200410217200766)",48.8588897,2.3200410217200766
308,2823,11,3,"Rungis, Thiais, Chevilly-Larue, Orly, Villejuif",30 - 39,546000,0.5294117647058824,0.4117647058823529,0.029411764705882353,0.029411764705882353,5500,1000,0.06148849253298212,40,40,Rungis,"(48.7484048, 2.3472665)",48.7484048,2.3472665
309,2877,53,9,Carhaix-Plouguer,3 - 9,46000,0.25,0,0.75,0,NC,NC,NC,NC,NC,Carhaix-Plouguer,"(48.2764997, -3.5711477)",48.2764997,-3.5711477
310,2899,52,14,"Ancenis, Mésanger",3 - 9,68000,0.2,0.2,0.6,0,NC,NC,NC,NC,NC,Ancenis,"(47.3648141, -1.1816088)",47.3648141,-1.1816088
311,2909,32,1,"Lesquin, Fretin, Villeneuve-d'Ascq, Sainghin-en-Mélantois, Lezennes, Mons-en-Baroeul, Ronchin",40 - 49,693000,0.5,0.38636363636363635,0.045454545454545456,0.06818181818181818,3000,1300,0.03731242561440964,20,20,Lesquin,"(50.5888, 3.10997)",50.5888,3.10997
312,2945,75,30,"Bordeaux, Floirac",3 - 9,54000,0.3333333333333333,0,0.3333333333333333,0.3333333333333333,NC,NC,NC,NC,NC,Bordeaux,"(44.841225, -0.5800364)",44.841225,-0.5800364
313,2996,11,6,"Wissous, Chilly-Mazarin, Longjumeau, Morangis, Massy, Palaiseau, Villebon-sur-Yvette, Antony",20 - 29,360000,0.46153846153846156,0.34615384615384615,0.07692307692307693,0.11538461538461539,5100,1900,0.04787648411469332,40,40,Wissous,"(48.7316381, 2.3268669)",48.7316381,2.3268669
314,3051,28,19,"Carpiquet, Bretteville-sur-Odon",3 - 9,87000,0.6666666666666666,0.3333333333333333,0,0,NC,NC,NC,NC,NC,Carpiquet,"(49.1834925, -0.4411659)",49.1834925,-0.4411659
315,3090,84,4,Saint-Vulbas,10 - 19,484000,0.5789473684210527,0.2631578947368421,0.15789473684210525,0,1400,1200,0.24910007199424047,NC,NC,Saint-Vulbas,"(45.8306, 5.28959)",45.8306,5.28959
316,3095,32,56,Sars-et-Rosières,3 - 9,33000,0,0.6666666666666666,0,0.3333333333333333,NC,NC,NC,NC,NC,Sars-et-Rosières,"(50.4464736, 3.3307975)",50.4464736,3.3307975
317,3209,44,40,"Mertzwiller, Gundershoffen",3 - 9,40000,0,0.3333333333333333,0.6666666666666666,0,NC,NC,NC,NC,NC,Mertzwiller,"(48.8659947, 7.6823034)",48.8659947,7.6823034
318,3272,44,41,"Behren-lès-Forbach, OEting",3 - 9,37000,0.3333333333333333,0,0.6666666666666666,0,NC,NC,NC,NC,NC,Behren-lès-Forbach,"(49.1715929, 6.935203)",49.1715929,6.935203
319,3304,52,12,"La Roche-sur-Yon, Mouilleron-le-Captif",3 - 9,102000,0,0.3333333333333333,0.5,0.16666666666666666,NC,NC,NC,NC,NC,La Roche-sur-Yon,"(46.6705431, -1.4269698)",46.6705431,-1.4269698
320,3317,27,16,Pontarlier,3 - 9,35000,0,0.3333333333333333,0.6666666666666666,0,NC,NC,NC,NC,NC,Pontarlier,"(46.9040348, 6.3546345)",46.9040348,6.3546345
321,3322,84,28,"Le Chambon-Feugerolles, Fraisses",3 - 9,32000,0,1,0,0,NC,NC,NC,NC,NC,Le Chambon-Feugerolles,"(45.3966546, 4.3247696)",45.3966546,4.3247696
322,3324,75,5,"Poitiers, Migné-Auxances, Chasseneuil-du-Poitou",3 - 9,83000,0,0.5,0.3333333333333333,0.16666666666666666,NC,NC,NC,NC,NC,Poitiers,"(46.5802596, 0.340196)",46.5802596,0.340196
323,3406,53,6,Ploërmel,3 - 9,37000,0.4,0,0.4,0.2,NC,NC,NC,NC,NC,Ploërmel,"(47.9323786, -2.39808)",47.9323786,-2.39808
324,3414,84,46,Oyonnax,3 - 9,34000,0.3333333333333333,0,0.6666666666666666,0,NC,NC,NC,NC,NC,Oyonnax,"(46.2476745, 5.673366294950046)",46.2476745,5.673366294950046
325,3433,32,57,"Compiègne, Venette",3 - 9,23000,0,0.6666666666666666,0.3333333333333333,0,NC,NC,NC,NC,NC,Compiègne,"(49.4179497, 2.8263171)",49.4179497,2.8263171
326,3449,84,5,"Villefranche-sur-Saône, Arnas, Gleizé, Limas",10 - 19,114000,0.46153846153846156,0.07692307692307693,0.3076923076923077,0.15384615384615385,800,200,0.032842900787908025,10,10,Villefranche-sur-Saône,"(45.9864749, 4.726611)",45.9864749,4.726611
327,3558,28,8,"Évreux, Guichainville, Le Vieil-Évreux",3 - 9,188000,0.2857142857142857,0.42857142857142855,0,0.2857142857142857,NC,NC,NC,NC,NC,Évreux,"(49.0268903, 1.1510164)",49.0268903,1.1510164
328,3559,28,4,"Mondeville, Giberville, Grentheville, Ifs, Cagny, Cormelles-le-Royal",10 - 19,164000,0.3333333333333333,0.3333333333333333,0.16666666666666666,0.16666666666666666,1400,500,0.06478939895882631,30,30,Mondeville,"(49.1771038, -0.3202231)",49.1771038,-0.3202231
329,3566,44,28,"Geispolsheim, Ostwald",3 - 9,30000,0.25,0.25,0.25,0.25,NC,NC,NC,NC,NC,Geispolsheim,"(48.5146952, 7.6437386)",48.5146952,7.6437386
330,3601,27,17,Digoin,3 - 9,69000,0.3333333333333333,0.6666666666666666,0,0,NC,NC,NC,NC,NC,Digoin,"(46.4810422, 3.9786291)",46.4810422,3.9786291
331,3602,75,6,Limoges,3 - 9,169000,0,0.5,0.5,0,NC,NC,NC,NC,NC,Limoges,"(45.8354243, 1.2644847)",45.8354243,1.2644847
332,3609,52,24,Pouzauges,3 - 9,22000,0,0,0.6666666666666666,0.3333333333333333,NC,NC,NC,NC,NC,Pouzauges,"(46.7829569, -0.8368869)",46.7829569,-0.8368869
333,3633,52,25,Chemillé-Melay,3 - 9,30000,0.6666666666666666,0.3333333333333333,0,0,NC,NC,NC,NC,NC,Chemillé-Melay,"(47.2146396, -0.732659)",47.2146396,-0.732659
334,3691,44,42,Saint-Louis,3 - 9,43000,1,0,0,0,NC,NC,NC,NC,NC,Saint-Louis,"(16.1876131, -15.2954502)",16.1876131,-15.2954502
335,3730,44,29,Molsheim,3 - 9,57000,0.25,0,0.75,0,NC,NC,NC,NC,NC,Molsheim,"(48.5419351, 7.4924679)",48.5419351,7.4924679
336,3731,44,43,"Fameck, Florange",3 - 9,56000,0,0.3333333333333333,0.3333333333333333,0.3333333333333333,NC,NC,NC,NC,NC,Fameck,"(49.3043497, 6.1041352)",49.3043497,6.1041352
337,3776,84,47,"Tain-l'Hermitage, Mercurol",3 - 9,57000,0,1,0,0,NC,NC,NC,NC,NC,Tain-l'Hermitage,"(45.0712839, 4.8370726)",45.0712839,4.8370726
338,3828,84,16,Le Pouzin,3 - 9,123000,0.5,0.16666666666666666,0.16666666666666666,0.16666666666666666,NC,NC,NC,NC,NC,Le Pouzin,"(44.7555185, 4.7485628)",44.7555185,4.7485628
339,3875,84,13,"Saint-Étienne, Sorbiers, La Talaudière",3 - 9,80000,0.5,0.125,0.375,0,NC,NC,NC,NC,NC,Saint-Étienne,"(45.4401467, 4.3873058)",45.4401467,4.3873058
340,3942,75,18,Ussac,3 - 9,36000,0.75,0.25,0,0,NC,NC,NC,NC,NC,Ussac,"(45.1923638, 1.5089279)",45.1923638,1.5089279
341,3968,11,41,"Châtillon, Malakoff, Arcueil",3 - 9,58000,0.3333333333333333,0.6666666666666666,0,0,NC,NC,NC,NC,NC,Châtillon,"(46.6591772, 5.7302769)",46.6591772,5.7302769
342,3974,93,17,Marseille,3 - 9,40000,0,0,0.6666666666666666,0.3333333333333333,NC,NC,NC,NC,NC,Marseille,"(43.2961743, 5.3699525)",43.2961743,5.3699525
343,4014,84,29,Sury-le-Comtal,3 - 9,58000,0.5,0,0.5,0,NC,NC,NC,NC,NC,Sury-le-Comtal,"(45.5414, 4.18354)",45.5414,4.18354
344,4080,24,28,Nogent-le-Rotrou,3 - 9,40000,0.6666666666666666,0,0.3333333333333333,0,NC,NC,NC,NC,NC,Nogent-le-Rotrou,"(48.321809, 0.8211488)",48.321809,0.8211488
345,4123,27,18,"Arc-lès-Gray, Gray",3 - 9,27000,0.3333333333333333,0.3333333333333333,0.3333333333333333,0,NC,NC,NC,NC,NC,Arc-lès-Gray,"(47.4575385, 5.5818459)",47.4575385,5.5818459
346,4207,32,12,"Arques, Blendecques",3 - 9,326000,0.1111111111111111,0.2222222222222222,0.6666666666666666,0,NC,NC,NC,NC,NC,Arques,"(50.7396639, 2.3062068)",50.7396639,2.3062068
347,4264,84,48,"Voreppe, Moirans",3 - 9,26000,0.3333333333333333,0.3333333333333333,0.3333333333333333,0,NC,NC,NC,NC,NC,Voreppe,"(45.2928424, 5.6361825)",45.2928424,5.6361825
348,4298,32,18,"Montataire, Creil",3 - 9,105000,0.42857142857142855,0.2857142857142857,0.2857142857142857,0,NC,NC,NC,NC,NC,Montataire,"(49.2561311, 2.4342569)",49.2561311,2.4342569
349,4407,84,49,Saint-Georges-d'Espéranche,3 - 9,127000,0.3333333333333333,0.6666666666666666,0,0,NC,NC,NC,NC,NC,Saint-Georges-d'Espéranche,"(45.5574829, 5.0808076)",45.5574829,5.0808076
350,4413,93,18,"Camaret-sur-Aigues, Sérignan-du-Comtat",3 - 9,27000,0.3333333333333333,0,0.6666666666666666,0,NC,NC,NC,NC,NC,Camaret-sur-Aigues,"(44.1650029, 4.8736859)",44.1650029,4.8736859
351,4432,52,26,"Le Mans, La Chapelle-Saint-Aubin",3 - 9,16000,0.3333333333333333,0.3333333333333333,0.3333333333333333,0,NC,NC,NC,NC,NC,Le Mans,"(48.0073849, 0.1967849)",48.0073849,0.1967849
352,4489,53,24,Torcé,3 - 9,16000,0,1,0,0,NC,NC,NC,NC,NC,Torcé,"(48.0620743, -1.2673254)",48.0620743,-1.2673254
353,4569,28,20,Honfleur,3 - 9,31000,0.3333333333333333,0.6666666666666666,0,0,NC,NC,NC,NC,NC,Honfleur,"(49.4197222, 0.2338889)",49.4197222,0.2338889
354,4620,84,30,Montluçon,3 - 9,82000,0.75,0,0.25,0,NC,NC,NC,NC,NC,Montluçon,"(46.3400296, 2.6073963)",46.3400296,2.6073963
355,4683,75,31,"Tarnos, Anglet",3 - 9,37000,0.3333333333333333,0.3333333333333333,0.3333333333333333,0,NC,NC,NC,NC,NC,Tarnos,"(43.5405622, -1.4611915)",43.5405622,-1.4611915
356,4796,53,10,Vitré,3 - 9,35000,0.5,0,0.5,0,NC,NC,NC,NC,NC,Vitré,"(48.1244503, -1.214331)",48.1244503,-1.214331
357,4827,53,11,"Vannes, Plescop, Theix",3 - 9,70000,0.5,0.5,0,0,NC,NC,NC,NC,NC,Vannes,"(47.6586772, -2.7599079)",47.6586772,-2.7599079
358,4902,52,15,"Saint-Georges-de-Montaigu, La Guyonnière",3 - 9,64000,0,0.4,0.6,0,NC,NC,NC,NC,NC,Saint-Georges-de-Montaigu,"(46.9477099, -1.2966952)",46.9477099,-1.2966952
359,4998,24,16,Fossé,3 - 9,83000,0.4,0.2,0.2,0.2,NC,NC,NC,NC,NC,Fossé,"(49.44561, 5.00451)",49.44561,5.00451
360,5116,52,16,Azé,3 - 9,74000,0.2,0.4,0.2,0.2,NC,NC,NC,NC,NC,Azé,"(46.431937, 4.7607483)",46.431937,4.7607483
361,5161,84,23,Montélimar,3 - 9,109000,0.4,0.4,0.2,0,NC,NC,NC,NC,NC,Montélimar,"(44.5579391, 4.750318)",44.5579391,4.750318
362,5289,28,21,Le Havre,3 - 9,664000,1,0,0,0,NC,NC,NC,NC,NC,Le Havre,"(49.4938975, 0.1079732)",49.4938975,0.1079732
363,5611,11,42,Vert-Saint-Denis,3 - 9,171000,1,0,0,0,NC,NC,NC,NC,NC,Vert-Saint-Denis,"(48.5671024, 2.6252499)",48.5671024,2.6252499
364,5731,84,50,Rillieux-la-Pape,3 - 9,23000,0,0.6666666666666666,0.3333333333333333,0,NC,NC,NC,NC,NC,Rillieux-la-Pape,"(45.823514, 4.8994366)",45.823514,4.8994366
365,5842,28,14,Vire,3 - 9,65000,0.75,0.25,0,0,NC,NC,NC,NC,NC,Vire,"(48.8517468, -0.8872594458318377)",48.8517468,-0.8872594458318377
366,5934,44,30,"Thierville-sur-Meuse, Verdun",3 - 9,113000,0.25,0.5,0,0.25,NC,NC,NC,NC,NC,Thierville-sur-Meuse,"(49.1706321, 5.348031)",49.1706321,5.348031
367,5939,84,51,Miribel,3 - 9,36000,0.3333333333333333,0.6666666666666666,0,0,NC,NC,NC,NC,NC,Miribel,"(45.8235227, 4.9528525)",45.8235227,4.9528525
368,5997,11,22,"Élancourt, Plaisir, Trappes",3 - 9,41000,1,0,0,0,NC,NC,NC,NC,NC,Élancourt,"(48.7681182, 1.949352)",48.7681182,1.949352
369,5999,11,23,Brie-Comte-Robert,3 - 9,110000,0.6,0.4,0,0,NC,NC,NC,NC,NC,Brie-Comte-Robert,"(48.6904522, 2.6166737)",48.6904522,2.6166737
370,6189,28,22,Criquebeuf-sur-Seine,3 - 9,57000,0.6666666666666666,0,0.3333333333333333,0,NC,NC,NC,NC,NC,Criquebeuf-sur-Seine,"(49.3057868, 1.0965298)",49.3057868,1.0965298
371,6204,32,58,Anzin,3 - 9,44000,1,0,0,0,NC,NC,NC,NC,NC,Anzin,"(50.3703966, 3.5020684)",50.3703966,3.5020684
372,6241,84,52,Aurillac,3 - 9,50000,0.3333333333333333,0.3333333333333333,0.3333333333333333,0,NC,NC,NC,NC,NC,Aurillac,"(44.9285441, 2.4433101)",44.9285441,2.4433101
373,6390,24,29,Buzançais,3 - 9,42000,0,0.3333333333333333,0.6666666666666666,0,NC,NC,NC,NC,NC,Buzançais,"(46.8885028, 1.4227597)",46.8885028,1.4227597
374,6463,11,24,Goussainville,3 - 9,57000,0.6,0.4,0,0,NC,NC,NC,NC,NC,Goussainville,"(49.0323168, 2.4733628)",49.0323168,2.4733628
375,6597,27,19,"Saint-Marcel, Chalon-sur-Saône",3 - 9,39000,0,1,0,0,NC,NC,NC,NC,NC,Saint-Marcel,"(49.0984117, 1.454725)",49.0984117,1.454725
376,6630,84,31,Reyrieux,3 - 9,83000,0.75,0,0.25,0,NC,NC,NC,NC,NC,Reyrieux,"(45.9357535, 4.8220491)",45.9357535,4.8220491
377,6925,11,30,Villeparisis,3 - 9,53000,0.75,0,0,0.25,NC,NC,NC,NC,NC,Villeparisis,"(48.939344, 2.6176193)",48.939344,2.6176193
378,7236,27,20,Chalon-sur-Saône,3 - 9,32000,0,1,0,0,NC,NC,NC,NC,NC,Chalon-sur-Saône,"(46.7888997, 4.8529605)",46.7888997,4.8529605
379,7313,84,32,Le Coteau,3 - 9,36000,0.25,0.5,0.25,0,NC,NC,NC,NC,NC,Le Coteau,"(46.0205, 4.09203)",46.0205,4.09203
380,7365,27,8,"Tavaux, Damparis",3 - 9,42000,0.2,0.2,0.6,0,NC,NC,NC,NC,NC,Tavaux,"(47.0371, 5.40338)",47.0371,5.40338
381,7522,32,59,"Comines, Wervicq-Sud",3 - 9,89000,0,0.3333333333333333,0.6666666666666666,0,NC,NC,NC,NC,NC,Comines,"(50.7653265, 3.0066319)",50.7653265,3.0066319
382,7615,53,25,Quimper,3 - 9,23000,0,1,0,0,NC,NC,NC,NC,NC,Quimper,"(47.9960325, -4.1024782)",47.9960325,-4.1024782
383,7883,84,33,Pusignan,3 - 9,52000,0.5,0.25,0,0.25,NC,NC,NC,NC,NC,Pusignan,"(45.7561, 5.06785)",45.7561,5.06785
384,8251,24,30,Chécy,3 - 9,50000,0.3333333333333333,0.3333333333333333,0,0.3333333333333333,NC,NC,NC,NC,NC,Chécy,"(47.9019, 2.02135)",47.9019,2.02135
385,9337,11,31,"Chanteloup-en-Brie, Chessy, Jossigny, Montévrain",3 - 9,61000,0.25,0.25,0,0.5,NC,NC,NC,NC,NC,Chanteloup-en-Brie,"(48.8555777, 2.7395512)",48.8555777,2.7395512
386,11267,76,19,Narbonne,3 - 9,22000,0,0.6666666666666666,0.3333333333333333,0,NC,NC,NC,NC,NC,Narbonne,"(43.1837661, 3.0042121)",43.1837661,3.0042121
